day,hour,ip,graph_type,colormap,marker,size,score
20170620,14:39:22,177.139.217.186,linearDecrease,YlOrRd,o,100,-1
20170620,14:39:22,177.139.217.186,linearDecrease,GnBu,o,100,1
20170620,14:39:27,177.139.217.186,linearIncrease,Greys,^,750,1
20170620,14:39:27,177.139.217.186,linearIncrease,Greys,v,750,-1
20170620,14:39:32,177.139.217.186,linearDecrease,GnBu,^,750,1
20170620,14:39:32,177.139.217.186,linearDecrease,YlOrRd,^,750,-1
20170620,14:39:37,177.139.217.186,linearIncrease,YlOrRd,o,750,-1
20170620,14:39:37,177.139.217.186,linearIncrease,YlOrRd,o,300,1
20170620,14:39:46,177.139.217.186,linearIncrease,YlOrRd,o,300,1
20170620,14:39:46,177.139.217.186,linearIncrease,YlOrRd,^,300,-1
20170620,14:39:48,177.139.217.186,linearIncrease,YlOrRd,^,750,-1
20170620,14:39:48,177.139.217.186,linearIncrease,YlOrRd,^,100,1
20170620,14:39:53,177.139.217.186,linearDecrease,YlOrRd,v,750,-1
20170620,14:39:53,177.139.217.186,linearDecrease,GnBu,v,750,1
20170620,14:40:00,177.139.217.186,linearIncrease,Greys,o,300,1
20170620,14:40:00,177.139.217.186,linearIncrease,Greys,v,300,-1
20170620,14:40:03,177.139.217.186,constant,YlOrRd,^,750,-1
20170620,14:40:03,177.139.217.186,constant,YlOrRd,^,300,1
20170620,14:40:06,177.139.217.186,constant,GnBu,o,750,-1
20170620,14:40:06,177.139.217.186,constant,GnBu,o,300,1
20170620,14:40:10,177.139.217.186,constant,YlOrRd,o,100,1
20170620,14:40:10,177.139.217.186,constant,YlOrRd,^,100,-1
20170620,14:40:16,177.139.217.186,linearIncrease,YlOrRd,v,300,-1
20170620,14:40:16,177.139.217.186,linearIncrease,YlOrRd,o,300,1
20170620,14:40:23,177.139.217.186,linearDecrease,GnBu,v,750,-1
20170620,14:40:23,177.139.217.186,linearDecrease,GnBu,o,750,1
20170620,14:40:26,177.139.217.186,linearDecrease,GnBu,^,100,1
20170620,14:40:26,177.139.217.186,linearDecrease,GnBu,^,300,-1
20170620,14:40:30,177.139.217.186,linearDecrease,Greys,^,300,-1
20170620,14:40:30,177.139.217.186,linearDecrease,Greys,^,100,1
20170620,14:40:35,177.139.217.186,constant,Greys,^,750,-1
20170620,14:40:35,177.139.217.186,constant,GnBu,^,750,1
20170620,14:40:40,177.139.217.186,constant,YlOrRd,v,300,-1
20170620,14:40:40,177.139.217.186,constant,GnBu,v,300,1
20170620,14:40:44,177.139.217.186,constant,GnBu,o,100,1
20170620,14:40:44,177.139.217.186,constant,GnBu,v,100,-1
20170620,14:40:47,177.139.217.186,constant,YlOrRd,v,300,-1
20170620,14:40:47,177.139.217.186,constant,YlOrRd,v,100,1
20170620,14:40:50,177.139.217.186,constant,YlOrRd,v,300,1
20170620,14:40:50,177.139.217.186,constant,Greys,v,300,-1
20170620,15:14:48,179.159.179.25,constant,Greys,^,300,-1
20170620,15:14:48,179.159.179.25,constant,GnBu,^,300,1
20170620,15:15:00,179.159.179.25,constant,Greys,v,750,-1
20170620,15:15:00,179.159.179.25,constant,GnBu,v,750,1
20170620,15:15:03,179.159.179.25,constant,YlOrRd,^,300,1
20170620,15:15:03,179.159.179.25,constant,YlOrRd,v,300,-1
20170620,15:15:10,179.159.179.25,linearDecrease,GnBu,o,300,-1
20170620,15:15:10,179.159.179.25,linearDecrease,GnBu,o,100,1
20170620,15:15:25,179.159.179.25,constant,Greys,o,750,1
20170620,15:15:25,179.159.179.25,constant,Greys,v,750,-1
20170620,15:15:29,179.159.179.25,constant,GnBu,o,100,1
20170620,15:15:29,179.159.179.25,constant,Greys,o,100,-1
20170620,15:15:32,179.159.179.25,constant,GnBu,^,300,1
20170620,15:15:32,179.159.179.25,constant,GnBu,v,300,-1
20170620,15:15:37,179.159.179.25,linearDecrease,Greys,o,100,-1
20170620,15:15:37,179.159.179.25,linearDecrease,GnBu,o,100,1
20170620,15:15:42,179.159.179.25,constant,Greys,v,300,-1
20170620,15:15:42,179.159.179.25,constant,YlOrRd,v,300,1
20170620,15:15:47,179.159.179.25,linearDecrease,GnBu,^,300,1
20170620,15:15:47,179.159.179.25,linearDecrease,Greys,^,300,-1
20170620,15:15:52,179.159.179.25,linearIncrease,YlOrRd,o,300,1
20170620,15:15:52,179.159.179.25,linearIncrease,YlOrRd,v,300,-1
20170620,15:15:58,179.159.179.25,constant,Greys,^,100,-1
20170620,15:15:58,179.159.179.25,constant,Greys,^,300,1
20170620,15:16:02,179.159.179.25,linearDecrease,GnBu,v,750,-1
20170620,15:16:02,179.159.179.25,linearDecrease,GnBu,o,750,1
20170620,15:16:07,179.159.179.25,linearIncrease,GnBu,v,750,1
20170620,15:16:07,179.159.179.25,linearIncrease,Greys,v,750,-1
20170620,15:16:12,179.159.179.25,constant,GnBu,^,750,-1
20170620,15:16:12,179.159.179.25,constant,GnBu,o,750,1
20170620,15:16:16,179.159.179.25,constant,Greys,o,750,-1
20170620,15:16:16,179.159.179.25,constant,GnBu,o,750,1
20170620,15:16:20,179.159.179.25,constant,YlOrRd,^,750,1
20170620,15:16:20,179.159.179.25,constant,Greys,^,750,-1
20170620,15:16:24,179.159.179.25,linearIncrease,YlOrRd,^,750,1
20170620,15:16:24,179.159.179.25,linearIncrease,Greys,^,750,-1
20170620,15:16:28,179.159.179.25,linearDecrease,YlOrRd,o,750,1
20170620,15:16:28,179.159.179.25,linearDecrease,YlOrRd,v,750,-1
20170620,15:16:32,179.159.179.25,linearIncrease,YlOrRd,v,100,-1
20170620,15:16:32,179.159.179.25,linearIncrease,YlOrRd,o,100,1
20170620,15:46:12,177.139.217.186,constant,Greys,o,750,1
20170620,15:46:12,177.139.217.186,constant,GnBu,o,750,-1
20170620,15:46:24,177.139.217.186,constant,YlOrRd,o,100,-1
20170620,15:46:24,177.139.217.186,constant,YlOrRd,o,750,1
20170620,15:46:30,177.139.217.186,linearIncrease,GnBu,v,300,-1
20170620,15:46:30,177.139.217.186,linearIncrease,Greys,v,300,1
20170620,15:46:36,177.139.217.186,constant,GnBu,^,750,-1
20170620,15:46:36,177.139.217.186,constant,YlOrRd,^,750,1
20170620,15:46:51,177.139.217.186,linearDecrease,YlOrRd,^,100,-1
20170620,15:46:51,177.139.217.186,linearDecrease,GnBu,^,100,1
20170620,15:46:55,177.139.217.186,constant,YlOrRd,^,300,-1
20170620,15:46:55,177.139.217.186,constant,Greys,^,300,1
20170620,15:47:10,177.139.217.186,linearDecrease,Greys,^,100,1
20170620,15:47:10,177.139.217.186,linearDecrease,Greys,o,100,-1
20170620,15:47:23,177.139.217.186,linearIncrease,Greys,^,100,1
20170620,15:47:23,177.139.217.186,linearIncrease,Greys,v,100,-1
20170620,15:47:31,177.139.217.186,linearDecrease,Greys,^,750,1
20170620,15:47:31,177.139.217.186,linearDecrease,GnBu,^,750,-1
20170620,15:47:37,177.139.217.186,linearIncrease,YlOrRd,v,100,-1
20170620,15:47:37,177.139.217.186,linearIncrease,YlOrRd,^,100,1
20170620,15:47:44,177.139.217.186,linearIncrease,YlOrRd,o,300,1
20170620,15:47:44,177.139.217.186,linearIncrease,YlOrRd,^,300,-1
20170620,15:47:59,177.139.217.186,linearIncrease,Greys,^,750,1
20170620,15:47:59,177.139.217.186,linearIncrease,Greys,^,300,-1
20170620,15:48:04,177.139.217.186,constant,YlOrRd,^,100,-1
20170620,15:48:04,177.139.217.186,constant,YlOrRd,^,750,1
20170620,15:48:09,177.139.217.186,linearDecrease,Greys,o,750,1
20170620,15:48:09,177.139.217.186,linearDecrease,YlOrRd,o,750,-1
20170620,15:48:16,177.139.217.186,linearDecrease,YlOrRd,^,300,1
20170620,15:48:16,177.139.217.186,linearDecrease,YlOrRd,o,300,-1
20170620,15:48:21,177.139.217.186,constant,YlOrRd,o,750,1
20170620,15:48:21,177.139.217.186,constant,YlOrRd,o,100,-1
20170620,15:48:31,177.139.217.186,linearDecrease,GnBu,^,750,1
20170620,15:48:31,177.139.217.186,linearDecrease,YlOrRd,^,750,-1
20170620,15:48:34,177.139.217.186,constant,Greys,v,300,1
20170620,15:48:34,177.139.217.186,constant,Greys,v,100,-1
20170620,15:48:37,177.139.217.186,linearDecrease,Greys,^,750,1
20170620,15:48:37,177.139.217.186,linearDecrease,Greys,^,300,-1
20170620,15:48:41,177.139.217.186,linearDecrease,GnBu,o,750,1
20170620,15:48:41,177.139.217.186,linearDecrease,GnBu,^,750,-1
20170620,15:53:03,177.139.217.186,linearDecrease,Greys,v,300,1
20170620,15:53:03,177.139.217.186,linearDecrease,Greys,v,750,-1
20170620,15:53:15,177.139.217.186,linearDecrease,YlOrRd,v,300,-1
20170620,15:53:15,177.139.217.186,linearDecrease,YlOrRd,^,300,1
20170620,15:53:24,177.139.217.186,linearIncrease,YlOrRd,o,750,-1
20170620,15:53:24,177.139.217.186,linearIncrease,YlOrRd,^,750,1
20170620,15:53:33,177.139.217.186,linearDecrease,GnBu,v,100,1
20170620,15:53:33,177.139.217.186,linearDecrease,GnBu,v,750,-1
20170620,15:53:42,177.139.217.186,constant,GnBu,^,300,1
20170620,15:53:42,177.139.217.186,constant,GnBu,v,300,-1
20170620,15:53:48,177.139.217.186,linearDecrease,Greys,v,100,1
20170620,15:53:48,177.139.217.186,linearDecrease,Greys,v,750,-1
20170620,15:53:52,177.139.217.186,constant,Greys,^,300,-1
20170620,15:53:52,177.139.217.186,constant,YlOrRd,^,300,1
20170620,15:53:56,177.139.217.186,constant,GnBu,v,750,-1
20170620,15:53:56,177.139.217.186,constant,GnBu,v,100,1
20170620,15:54:00,177.139.217.186,linearDecrease,GnBu,o,300,-1
20170620,15:54:00,177.139.217.186,linearDecrease,GnBu,^,300,1
20170620,15:54:17,177.139.217.186,constant,GnBu,o,100,1
20170620,15:54:17,177.139.217.186,constant,Greys,o,100,-1
20170620,15:54:29,177.139.217.186,linearDecrease,GnBu,v,300,1
20170620,15:54:29,177.139.217.186,linearDecrease,GnBu,o,300,-1
20170620,15:54:35,177.139.217.186,constant,YlOrRd,v,300,1
20170620,15:54:35,177.139.217.186,constant,Greys,v,300,-1
20170620,15:54:45,177.139.217.186,constant,YlOrRd,o,300,-1
20170620,15:54:45,177.139.217.186,constant,YlOrRd,v,300,1
20170620,15:54:50,177.139.217.186,linearDecrease,Greys,o,750,-1
20170620,15:54:50,177.139.217.186,linearDecrease,Greys,o,300,1
20170620,15:54:53,177.139.217.186,linearDecrease,YlOrRd,o,750,-1
20170620,15:54:53,177.139.217.186,linearDecrease,YlOrRd,^,750,1
20170620,15:54:56,177.139.217.186,constant,YlOrRd,^,750,-1
20170620,15:54:56,177.139.217.186,constant,YlOrRd,^,300,1
20170620,15:54:59,177.139.217.186,linearDecrease,GnBu,o,300,-1
20170620,15:54:59,177.139.217.186,linearDecrease,GnBu,^,300,1
20170620,15:55:07,177.139.217.186,linearDecrease,GnBu,v,100,1
20170620,15:55:07,177.139.217.186,linearDecrease,Greys,v,100,-1
20170620,15:55:11,177.139.217.186,linearIncrease,GnBu,o,750,-1
20170620,15:55:11,177.139.217.186,linearIncrease,GnBu,^,750,1
20170620,15:55:15,177.139.217.186,linearIncrease,Greys,o,300,1
20170620,15:55:15,177.139.217.186,linearIncrease,Greys,o,750,-1
20170620,15:57:51,177.139.217.186,linearDecrease,GnBu,v,100,1
20170620,15:57:51,177.139.217.186,linearDecrease,GnBu,v,300,-1
20170620,15:58:02,177.139.217.186,linearIncrease,Greys,v,750,-1
20170620,15:58:02,177.139.217.186,linearIncrease,YlOrRd,v,750,1
20170620,15:58:10,177.139.217.186,linearIncrease,GnBu,^,300,1
20170620,15:58:10,177.139.217.186,linearIncrease,GnBu,o,300,-1
20170620,15:58:21,177.139.217.186,linearIncrease,YlOrRd,^,300,-1
20170620,15:58:21,177.139.217.186,linearIncrease,YlOrRd,v,300,1
20170620,15:58:30,177.139.217.186,linearDecrease,Greys,v,100,1
20170620,15:58:30,177.139.217.186,linearDecrease,GnBu,v,100,-1
20170620,15:58:38,177.139.217.186,linearIncrease,YlOrRd,^,750,-1
20170620,15:58:38,177.139.217.186,linearIncrease,Greys,^,750,1
20170620,15:58:58,177.139.217.186,linearDecrease,YlOrRd,^,300,-1
20170620,15:58:58,177.139.217.186,linearDecrease,GnBu,^,300,1
20170620,15:59:03,177.139.217.186,linearDecrease,GnBu,^,300,1
20170620,15:59:03,177.139.217.186,linearDecrease,GnBu,o,300,-1
20170620,15:59:11,177.139.217.186,linearIncrease,GnBu,v,300,-1
20170620,15:59:11,177.139.217.186,linearIncrease,GnBu,v,100,1
20170620,15:59:17,177.139.217.186,linearIncrease,Greys,o,100,1
20170620,15:59:17,177.139.217.186,linearIncrease,Greys,o,750,-1
20170620,15:59:27,177.139.217.186,linearIncrease,GnBu,^,300,-1
20170620,15:59:27,177.139.217.186,linearIncrease,GnBu,^,100,1
20170620,15:59:31,177.139.217.186,linearDecrease,YlOrRd,o,750,1
20170620,15:59:31,177.139.217.186,linearDecrease,GnBu,o,750,-1
20170620,15:59:36,177.139.217.186,constant,GnBu,^,750,1
20170620,15:59:36,177.139.217.186,constant,GnBu,o,750,-1
20170620,15:59:40,177.139.217.186,linearIncrease,Greys,o,300,1
20170620,15:59:40,177.139.217.186,linearIncrease,Greys,o,750,-1
20170620,15:59:47,177.139.217.186,linearDecrease,GnBu,o,750,1
20170620,15:59:47,177.139.217.186,linearDecrease,GnBu,v,750,-1
20170620,15:59:50,177.139.217.186,linearDecrease,Greys,o,750,1
20170620,15:59:50,177.139.217.186,linearDecrease,Greys,o,100,-1
20170620,15:59:54,177.139.217.186,linearDecrease,YlOrRd,o,300,-1
20170620,15:59:54,177.139.217.186,linearDecrease,YlOrRd,o,750,1
20170620,16:00:01,177.139.217.186,linearIncrease,YlOrRd,^,100,-1
20170620,16:00:01,177.139.217.186,linearIncrease,YlOrRd,o,100,1
20170620,16:00:04,177.139.217.186,linearDecrease,Greys,o,100,1
20170620,16:00:04,177.139.217.186,linearDecrease,Greys,o,750,-1
20170620,16:00:08,177.139.217.186,linearDecrease,YlOrRd,^,300,-1
20170620,16:00:08,177.139.217.186,linearDecrease,YlOrRd,^,100,1
20170620,16:01:03,177.139.217.186,linearIncrease,Greys,v,300,-1
20170620,16:01:03,177.139.217.186,linearIncrease,GnBu,v,300,1
20170620,16:01:07,177.139.217.186,linearDecrease,Greys,o,750,-1
20170620,16:01:07,177.139.217.186,linearDecrease,Greys,o,100,1
20170620,16:01:11,177.139.217.186,linearIncrease,YlOrRd,^,750,-1
20170620,16:01:11,177.139.217.186,linearIncrease,GnBu,^,750,1
20170620,16:01:15,177.139.217.186,linearDecrease,YlOrRd,^,750,-1
20170620,16:01:15,177.139.217.186,linearDecrease,GnBu,^,750,1
20170620,16:01:22,177.139.217.186,linearDecrease,GnBu,o,750,1
20170620,16:01:22,177.139.217.186,linearDecrease,YlOrRd,o,750,-1
20170620,16:01:29,177.139.217.186,linearIncrease,Greys,v,100,-1
20170620,16:01:29,177.139.217.186,linearIncrease,YlOrRd,v,100,1
20170620,16:01:42,177.139.217.186,linearDecrease,GnBu,^,100,-1
20170620,16:01:42,177.139.217.186,linearDecrease,YlOrRd,^,100,1
20170620,16:01:45,177.139.217.186,constant,YlOrRd,v,750,-1
20170620,16:01:45,177.139.217.186,constant,YlOrRd,v,100,1
20170620,16:01:53,177.139.217.186,linearIncrease,GnBu,o,100,1
20170620,16:01:53,177.139.217.186,linearIncrease,Greys,o,100,-1
20170620,16:01:57,177.139.217.186,linearIncrease,YlOrRd,o,300,-1
20170620,16:01:57,177.139.217.186,linearIncrease,Greys,o,300,1
20170620,16:02:00,177.139.217.186,constant,GnBu,v,300,-1
20170620,16:02:00,177.139.217.186,constant,Greys,v,300,1
20170620,16:02:04,177.139.217.186,constant,Greys,o,750,1
20170620,16:02:04,177.139.217.186,constant,Greys,^,750,-1
20170620,16:02:08,177.139.217.186,constant,Greys,v,750,-1
20170620,16:02:08,177.139.217.186,constant,Greys,v,100,1
20170620,16:02:11,177.139.217.186,linearDecrease,GnBu,o,300,1
20170620,16:02:11,177.139.217.186,linearDecrease,GnBu,v,300,-1
20170620,16:02:14,177.139.217.186,constant,YlOrRd,v,100,1
20170620,16:02:14,177.139.217.186,constant,YlOrRd,v,750,-1
20170620,16:02:18,177.139.217.186,constant,GnBu,o,750,1
20170620,16:02:18,177.139.217.186,constant,YlOrRd,o,750,-1
20170620,16:02:21,177.139.217.186,linearDecrease,GnBu,^,300,1
20170620,16:02:21,177.139.217.186,linearDecrease,YlOrRd,^,300,-1
20170620,16:02:24,177.139.217.186,linearIncrease,GnBu,^,750,-1
20170620,16:02:24,177.139.217.186,linearIncrease,GnBu,^,300,1
20170620,16:02:26,177.139.217.186,linearDecrease,Greys,o,750,-1
20170620,16:02:26,177.139.217.186,linearDecrease,Greys,o,100,1
20170620,16:02:29,177.139.217.186,linearDecrease,YlOrRd,^,300,-1
20170620,16:02:29,177.139.217.186,linearDecrease,YlOrRd,o,300,1
20170620,16:04:33,177.139.217.186,linearIncrease,GnBu,^,100,1
20170620,16:04:33,177.139.217.186,linearIncrease,GnBu,^,300,-1
20170620,16:04:40,177.139.217.186,linearIncrease,Greys,o,100,-1
20170620,16:04:40,177.139.217.186,linearIncrease,YlOrRd,o,100,1
20170620,16:04:44,177.139.217.186,linearDecrease,YlOrRd,o,750,-1
20170620,16:04:44,177.139.217.186,linearDecrease,YlOrRd,o,300,1
20170620,16:04:51,177.139.217.186,linearIncrease,Greys,^,300,-1
20170620,16:04:51,177.139.217.186,linearIncrease,GnBu,^,300,1
20170620,16:04:55,177.139.217.186,constant,Greys,^,100,1
20170620,16:04:55,177.139.217.186,constant,Greys,o,100,-1
20170620,16:05:00,177.139.217.186,linearIncrease,Greys,v,100,-1
20170620,16:05:00,177.139.217.186,linearIncrease,GnBu,v,100,1
20170620,16:05:08,177.139.217.186,linearDecrease,Greys,o,300,-1
20170620,16:05:08,177.139.217.186,linearDecrease,Greys,v,300,1
20170620,16:05:12,177.139.217.186,linearIncrease,YlOrRd,^,100,1
20170620,16:05:12,177.139.217.186,linearIncrease,YlOrRd,o,100,-1
20170620,16:05:15,177.139.217.186,constant,YlOrRd,v,750,-1
20170620,16:05:15,177.139.217.186,constant,YlOrRd,v,100,1
20170620,16:05:24,177.139.217.186,linearDecrease,YlOrRd,^,750,-1
20170620,16:05:24,177.139.217.186,linearDecrease,Greys,^,750,1
20170620,16:05:28,177.139.217.186,linearDecrease,Greys,o,750,1
20170620,16:05:28,177.139.217.186,linearDecrease,Greys,v,750,-1
20170620,16:05:33,177.139.217.186,linearDecrease,Greys,v,100,-1
20170620,16:05:33,177.139.217.186,linearDecrease,Greys,^,100,1
20170620,16:05:39,177.139.217.186,constant,GnBu,^,750,1
20170620,16:05:39,177.139.217.186,constant,GnBu,v,750,-1
20170620,16:05:42,177.139.217.186,linearIncrease,GnBu,^,300,1
20170620,16:05:42,177.139.217.186,linearIncrease,Greys,^,300,-1
20170620,16:05:46,177.139.217.186,constant,GnBu,v,300,1
20170620,16:05:46,177.139.217.186,constant,GnBu,v,750,-1
20170620,16:05:49,177.139.217.186,constant,Greys,v,750,-1
20170620,16:05:49,177.139.217.186,constant,Greys,^,750,1
20170620,16:05:52,177.139.217.186,linearIncrease,YlOrRd,v,300,-1
20170620,16:05:52,177.139.217.186,linearIncrease,YlOrRd,v,100,1
20170620,16:05:54,177.139.217.186,linearDecrease,YlOrRd,v,750,-1
20170620,16:05:54,177.139.217.186,linearDecrease,GnBu,v,750,1
20170620,16:05:58,177.139.217.186,linearDecrease,Greys,o,300,1
20170620,16:05:58,177.139.217.186,linearDecrease,Greys,v,300,-1
20170620,16:06:03,177.139.217.186,linearIncrease,GnBu,o,100,1
20170620,16:06:03,177.139.217.186,linearIncrease,GnBu,v,100,-1
20170620,16:07:00,177.139.217.186,linearDecrease,GnBu,o,100,1
20170620,16:07:00,177.139.217.186,linearDecrease,GnBu,v,100,-1
20170620,16:07:09,177.139.217.186,linearDecrease,YlOrRd,v,750,1
20170620,16:07:09,177.139.217.186,linearDecrease,Greys,v,750,-1
20170620,16:07:17,177.139.217.186,linearIncrease,Greys,^,750,-1
20170620,16:07:17,177.139.217.186,linearIncrease,Greys,^,300,1
20170620,16:07:22,177.139.217.186,constant,GnBu,v,750,1
20170620,16:07:22,177.139.217.186,constant,Greys,v,750,-1
20170620,16:07:27,177.139.217.186,linearIncrease,Greys,o,300,-1
20170620,16:07:27,177.139.217.186,linearIncrease,Greys,o,100,1
20170620,16:07:30,177.139.217.186,linearIncrease,GnBu,o,100,1
20170620,16:07:30,177.139.217.186,linearIncrease,GnBu,o,750,-1
20170620,16:07:35,177.139.217.186,linearDecrease,GnBu,v,750,-1
20170620,16:07:35,177.139.217.186,linearDecrease,GnBu,v,100,1
20170620,16:07:38,177.139.217.186,linearDecrease,GnBu,^,750,-1
20170620,16:07:38,177.139.217.186,linearDecrease,GnBu,^,300,1
20170620,16:07:43,177.139.217.186,constant,GnBu,v,100,1
20170620,16:07:43,177.139.217.186,constant,GnBu,v,750,-1
20170620,16:07:47,177.139.217.186,constant,YlOrRd,v,100,1
20170620,16:07:47,177.139.217.186,constant,YlOrRd,v,750,-1
20170620,16:07:50,177.139.217.186,linearIncrease,Greys,v,300,1
20170620,16:07:50,177.139.217.186,linearIncrease,Greys,v,750,-1
20170620,16:07:55,177.139.217.186,constant,GnBu,o,100,1
20170620,16:07:55,177.139.217.186,constant,GnBu,^,100,-1
20170620,16:08:00,177.139.217.186,linearDecrease,GnBu,v,300,1
20170620,16:08:00,177.139.217.186,linearDecrease,YlOrRd,v,300,-1
20170620,16:08:03,177.139.217.186,constant,YlOrRd,v,750,1
20170620,16:08:03,177.139.217.186,constant,YlOrRd,o,750,-1
20170620,16:08:13,177.139.217.186,linearDecrease,YlOrRd,v,750,-1
20170620,16:08:13,177.139.217.186,linearDecrease,YlOrRd,^,750,1
20170620,16:08:16,177.139.217.186,linearIncrease,GnBu,o,300,1
20170620,16:08:16,177.139.217.186,linearIncrease,Greys,o,300,-1
20170620,16:08:21,177.139.217.186,linearIncrease,Greys,v,100,-1
20170620,16:08:21,177.139.217.186,linearIncrease,Greys,o,100,1
20170620,16:08:24,177.139.217.186,linearIncrease,YlOrRd,v,100,-1
20170620,16:08:24,177.139.217.186,linearIncrease,YlOrRd,^,100,1
20170620,16:08:30,177.139.217.186,linearDecrease,Greys,o,750,-1
20170620,16:08:30,177.139.217.186,linearDecrease,Greys,v,750,1
20170620,16:08:33,177.139.217.186,constant,Greys,v,750,1
20170620,16:08:33,177.139.217.186,constant,Greys,o,750,-1
20170620,16:13:56,177.139.217.186,constant,Greys,v,300,-1
20170620,16:13:56,177.139.217.186,constant,Greys,^,300,1
20170620,16:14:09,177.139.217.186,linearDecrease,YlOrRd,v,100,1
20170620,16:14:09,177.139.217.186,linearDecrease,Greys,v,100,-1
20170620,16:14:14,177.139.217.186,constant,GnBu,v,100,-1
20170620,16:14:14,177.139.217.186,constant,GnBu,v,750,1
20170620,16:14:18,177.139.217.186,constant,YlOrRd,^,750,1
20170620,16:14:18,177.139.217.186,constant,GnBu,^,750,-1
20170620,16:14:23,177.139.217.186,linearDecrease,Greys,v,300,1
20170620,16:14:23,177.139.217.186,linearDecrease,Greys,v,100,-1
20170620,16:14:28,177.139.217.186,linearDecrease,Greys,o,100,1
20170620,16:14:28,177.139.217.186,linearDecrease,Greys,^,100,-1
20170620,16:14:31,177.139.217.186,linearDecrease,YlOrRd,v,750,1
20170620,16:14:31,177.139.217.186,linearDecrease,Greys,v,750,-1
20170620,16:14:35,177.139.217.186,constant,GnBu,o,100,-1
20170620,16:14:35,177.139.217.186,constant,YlOrRd,o,100,1
20170620,16:14:38,177.139.217.186,linearIncrease,GnBu,^,100,-1
20170620,16:14:38,177.139.217.186,linearIncrease,GnBu,o,100,1
20170620,16:14:41,177.139.217.186,linearDecrease,YlOrRd,o,750,1
20170620,16:14:41,177.139.217.186,linearDecrease,YlOrRd,v,750,-1
20170620,16:14:45,177.139.217.186,linearIncrease,Greys,v,300,-1
20170620,16:14:45,177.139.217.186,linearIncrease,Greys,^,300,1
20170620,16:14:50,177.139.217.186,linearIncrease,YlOrRd,v,750,1
20170620,16:14:50,177.139.217.186,linearIncrease,YlOrRd,v,300,-1
20170620,16:14:53,177.139.217.186,constant,GnBu,^,100,1
20170620,16:14:53,177.139.217.186,constant,GnBu,v,100,-1
20170620,16:14:56,177.139.217.186,constant,YlOrRd,^,100,1
20170620,16:14:56,177.139.217.186,constant,GnBu,^,100,-1
20170620,16:15:00,177.139.217.186,linearIncrease,GnBu,^,100,-1
20170620,16:15:00,177.139.217.186,linearIncrease,GnBu,^,750,1
20170620,16:15:04,177.139.217.186,constant,Greys,o,750,1
20170620,16:15:04,177.139.217.186,constant,Greys,^,750,-1
20170620,16:15:08,177.139.217.186,linearDecrease,YlOrRd,o,750,1
20170620,16:15:08,177.139.217.186,linearDecrease,GnBu,o,750,-1
20170620,16:15:10,177.139.217.186,linearIncrease,YlOrRd,^,750,1
20170620,16:15:10,177.139.217.186,linearIncrease,GnBu,^,750,-1
20170620,16:15:14,177.139.217.186,linearIncrease,GnBu,^,750,-1
20170620,16:15:14,177.139.217.186,linearIncrease,YlOrRd,^,750,1
20170620,16:15:17,177.139.217.186,linearDecrease,Greys,o,100,-1
20170620,16:15:17,177.139.217.186,linearDecrease,GnBu,o,100,1
20170620,16:17:57,177.139.217.186,linearDecrease,YlOrRd,^,100,1
20170620,16:17:57,177.139.217.186,linearDecrease,YlOrRd,v,100,-1
20170620,16:18:26,177.139.217.186,constant,YlOrRd,^,750,-1
20170620,16:18:26,177.139.217.186,constant,YlOrRd,^,300,1
20170620,16:18:34,177.139.217.186,linearIncrease,YlOrRd,v,750,1
20170620,16:18:34,177.139.217.186,linearIncrease,Greys,v,750,-1
20170620,16:19:11,177.139.217.186,constant,GnBu,v,750,-1
20170620,16:19:11,177.139.217.186,constant,GnBu,o,750,1
20170620,16:19:25,177.139.217.186,linearDecrease,YlOrRd,^,750,1
20170620,16:19:25,177.139.217.186,linearDecrease,YlOrRd,v,750,-1
20170620,16:19:57,177.139.217.186,linearIncrease,Greys,^,750,-1
20170620,16:19:57,177.139.217.186,linearIncrease,Greys,^,100,1
20170620,16:20:11,177.139.217.186,constant,GnBu,o,300,1
20170620,16:20:11,177.139.217.186,constant,YlOrRd,o,300,-1
20170620,16:20:21,177.139.217.186,linearIncrease,GnBu,o,300,-1
20170620,16:20:21,177.139.217.186,linearIncrease,GnBu,o,100,1
20170620,16:20:37,177.139.217.186,constant,Greys,^,750,-1
20170620,16:20:37,177.139.217.186,constant,Greys,o,750,1
20170620,16:20:44,177.139.217.186,linearIncrease,Greys,v,100,-1
20170620,16:20:44,177.139.217.186,linearIncrease,Greys,^,100,1
20170620,16:20:50,177.139.217.186,constant,GnBu,v,100,-1
20170620,16:20:50,177.139.217.186,constant,GnBu,v,300,1
20170620,16:21:05,177.139.217.186,linearDecrease,Greys,v,750,1
20170620,16:21:05,177.139.217.186,linearDecrease,Greys,v,100,-1
20170620,16:21:15,177.139.217.186,linearIncrease,Greys,o,750,-1
20170620,16:21:15,177.139.217.186,linearIncrease,Greys,o,100,1
20170620,16:21:22,177.139.217.186,linearDecrease,Greys,^,300,-1
20170620,16:21:22,177.139.217.186,linearDecrease,YlOrRd,^,300,1
20170620,16:21:31,177.139.217.186,linearIncrease,YlOrRd,o,300,-1
20170620,16:21:31,177.139.217.186,linearIncrease,YlOrRd,^,300,1
20170620,16:21:36,177.139.217.186,linearIncrease,Greys,^,750,-1
20170620,16:21:36,177.139.217.186,linearIncrease,YlOrRd,^,750,1
20170620,16:21:43,177.139.217.186,linearDecrease,GnBu,^,750,1
20170620,16:21:43,177.139.217.186,linearDecrease,Greys,^,750,-1
20170620,16:21:46,177.139.217.186,constant,Greys,o,300,-1
20170620,16:21:46,177.139.217.186,constant,GnBu,o,300,1
20170620,16:22:00,177.139.217.186,linearDecrease,GnBu,^,750,-1
20170620,16:22:00,177.139.217.186,linearDecrease,GnBu,o,750,1
20170620,16:22:11,177.139.217.186,linearIncrease,YlOrRd,v,300,1
20170620,16:22:11,177.139.217.186,linearIncrease,Greys,v,300,-1
20170620,21:50:46,186.214.59.191,linearIncrease,Greys,^,750,-1
20170620,21:50:46,186.214.59.191,linearIncrease,Greys,^,300,1
20170620,21:50:51,186.214.59.191,linearIncrease,GnBu,v,750,-1
20170620,21:50:51,186.214.59.191,linearIncrease,GnBu,v,300,1
20170620,21:50:59,186.214.59.191,constant,GnBu,^,300,-1
20170620,21:50:59,186.214.59.191,constant,GnBu,o,300,1
20170620,21:51:03,186.214.59.191,linearIncrease,Greys,v,750,-1
20170620,21:51:03,186.214.59.191,linearIncrease,GnBu,v,750,1
20170620,21:51:10,186.214.59.191,linearIncrease,Greys,v,100,1
20170620,21:51:10,186.214.59.191,linearIncrease,Greys,v,750,-1
20170620,21:51:19,186.214.59.191,constant,GnBu,^,300,-1
20170620,21:51:19,186.214.59.191,constant,GnBu,^,100,1
20170620,21:51:30,186.214.59.191,linearDecrease,YlOrRd,^,100,-1
20170620,21:51:30,186.214.59.191,linearDecrease,GnBu,^,100,1
20170620,21:51:46,186.214.59.191,linearIncrease,YlOrRd,^,300,1
20170620,21:51:46,186.214.59.191,linearIncrease,YlOrRd,v,300,-1
20170620,21:51:57,186.214.59.191,linearIncrease,GnBu,v,100,1
20170620,21:51:57,186.214.59.191,linearIncrease,GnBu,v,750,-1
20170620,21:52:05,186.214.59.191,linearDecrease,YlOrRd,v,750,-1
20170620,21:52:05,186.214.59.191,linearDecrease,YlOrRd,o,750,1
20170620,21:52:11,186.214.59.191,linearIncrease,GnBu,o,300,1
20170620,21:52:11,186.214.59.191,linearIncrease,GnBu,o,100,-1
20170620,21:52:21,186.214.59.191,constant,Greys,o,100,1
20170620,21:52:21,186.214.59.191,constant,Greys,o,750,-1
20170620,21:52:25,186.214.59.191,linearDecrease,YlOrRd,^,300,1
20170620,21:52:25,186.214.59.191,linearDecrease,Greys,^,300,-1
20170620,21:52:30,186.214.59.191,constant,Greys,v,300,-1
20170620,21:52:30,186.214.59.191,constant,Greys,v,100,1
20170620,21:52:37,186.214.59.191,constant,GnBu,^,300,1
20170620,21:52:37,186.214.59.191,constant,GnBu,^,750,-1
20170620,21:52:46,186.214.59.191,linearDecrease,Greys,v,750,1
20170620,21:52:46,186.214.59.191,linearDecrease,Greys,^,750,-1
20170620,21:52:52,186.214.59.191,linearDecrease,Greys,^,750,-1
20170620,21:52:52,186.214.59.191,linearDecrease,YlOrRd,^,750,1
20170620,21:53:00,186.214.59.191,linearDecrease,GnBu,o,750,1
20170620,21:53:00,186.214.59.191,linearDecrease,GnBu,^,750,-1
20170620,21:53:05,186.214.59.191,linearDecrease,Greys,v,100,1
20170620,21:53:05,186.214.59.191,linearDecrease,Greys,v,750,-1
20170620,21:53:13,186.214.59.191,constant,GnBu,v,300,1
20170620,21:53:13,186.214.59.191,constant,GnBu,v,750,-1
20170621,22:48:54,179.159.179.25,constant,GnBu,o,750,1
20170621,22:48:54,179.159.179.25,constant,GnBu,o,100,-1
20170621,22:49:00,179.159.179.25,constant,YlOrRd,^,750,1
20170621,22:49:00,179.159.179.25,constant,YlOrRd,^,100,-1
20170621,22:49:07,179.159.179.25,linearIncrease,YlOrRd,v,750,-1
20170621,22:49:07,179.159.179.25,linearIncrease,YlOrRd,o,750,1
20170621,22:49:11,179.159.179.25,constant,GnBu,o,750,1
20170621,22:49:11,179.159.179.25,constant,Greys,o,750,-1
20170621,22:49:18,179.159.179.25,constant,Greys,o,750,1
20170621,22:49:18,179.159.179.25,constant,Greys,o,100,-1
20170621,22:49:25,179.159.179.25,constant,YlOrRd,v,100,1
20170621,22:49:25,179.159.179.25,constant,GnBu,v,100,-1
20170621,22:49:29,179.159.179.25,linearIncrease,YlOrRd,^,300,1
20170621,22:49:29,179.159.179.25,linearIncrease,Greys,^,300,-1
20170621,22:49:36,179.159.179.25,constant,Greys,v,100,-1
20170621,22:49:36,179.159.179.25,constant,Greys,v,300,1
20170621,22:49:44,179.159.179.25,linearDecrease,YlOrRd,o,750,1
20170621,22:49:44,179.159.179.25,linearDecrease,YlOrRd,o,100,-1
20170621,22:49:49,179.159.179.25,linearDecrease,Greys,^,100,-1
20170621,22:49:49,179.159.179.25,linearDecrease,Greys,^,300,1
20170621,22:49:51,191.23.110.148,constant,YlOrRd,^,750,1
20170621,22:49:51,191.23.110.148,constant,YlOrRd,^,300,-1
20170621,22:49:54,191.255.175.39,constant,GnBu,o,300,-1
20170621,22:49:54,191.255.175.39,constant,GnBu,o,100,1
20170621,22:49:55,179.159.179.25,constant,Greys,o,300,-1
20170621,22:49:55,179.159.179.25,constant,Greys,^,300,1
20170621,22:50:02,191.23.110.148,linearDecrease,YlOrRd,v,750,-1
20170621,22:50:02,191.23.110.148,linearDecrease,GnBu,v,750,1
20170621,22:50:03,191.255.175.39,linearIncrease,YlOrRd,^,300,1
20170621,22:50:03,191.255.175.39,linearIncrease,YlOrRd,^,100,-1
20170621,22:50:15,191.255.175.39,constant,YlOrRd,^,100,1
20170621,22:50:15,191.255.175.39,constant,YlOrRd,o,100,-1
20170621,22:50:18,191.23.110.148,linearDecrease,Greys,^,100,1
20170621,22:50:18,191.23.110.148,linearDecrease,Greys,^,750,-1
20170621,22:50:21,191.255.175.39,linearDecrease,GnBu,o,750,1
20170621,22:50:21,191.255.175.39,linearDecrease,GnBu,o,100,-1
20170621,22:50:26,191.255.175.39,linearIncrease,Greys,o,750,-1
20170621,22:50:26,191.255.175.39,linearIncrease,Greys,^,750,1
20170621,22:50:27,191.23.110.148,linearIncrease,GnBu,o,300,1
20170621,22:50:27,191.23.110.148,linearIncrease,YlOrRd,o,300,-1
20170621,22:50:30,179.159.179.25,linearIncrease,Greys,^,300,1
20170621,22:50:30,179.159.179.25,linearIncrease,GnBu,^,300,-1
20170621,22:50:31,191.255.175.39,linearIncrease,YlOrRd,o,750,1
20170621,22:50:31,191.255.175.39,linearIncrease,YlOrRd,v,750,-1
20170621,22:50:38,191.23.110.148,constant,Greys,v,750,-1
20170621,22:50:38,191.23.110.148,constant,Greys,o,750,1
20170621,22:50:39,191.255.175.39,linearDecrease,YlOrRd,o,750,1
20170621,22:50:39,191.255.175.39,linearDecrease,Greys,o,750,-1
20170621,22:50:43,191.255.175.39,constant,YlOrRd,o,300,-1
20170621,22:50:43,191.255.175.39,constant,Greys,o,300,1
20170621,22:50:46,191.23.110.148,linearIncrease,GnBu,^,300,1
20170621,22:50:46,191.23.110.148,linearIncrease,Greys,^,300,-1
20170621,22:50:48,191.255.175.39,linearDecrease,Greys,^,100,-1
20170621,22:50:48,191.255.175.39,linearDecrease,YlOrRd,^,100,1
20170621,22:50:52,191.23.110.148,constant,YlOrRd,o,300,1
20170621,22:50:52,191.23.110.148,constant,YlOrRd,o,750,-1
20170621,22:50:53,191.255.175.39,constant,GnBu,^,100,1
20170621,22:50:53,191.255.175.39,constant,GnBu,v,100,-1
20170621,22:50:56,191.23.110.148,constant,GnBu,v,300,1
20170621,22:50:56,191.23.110.148,constant,GnBu,o,300,-1
20170621,22:50:58,191.255.175.39,linearIncrease,Greys,^,300,1
20170621,22:50:58,191.255.175.39,linearIncrease,Greys,^,750,-1
20170621,22:51:00,191.23.110.148,linearIncrease,GnBu,o,750,1
20170621,22:51:00,191.23.110.148,linearIncrease,GnBu,o,300,-1
20170621,22:51:05,191.23.110.148,constant,YlOrRd,v,100,1
20170621,22:51:05,191.23.110.148,constant,YlOrRd,o,100,-1
20170621,22:51:06,191.255.175.39,constant,Greys,o,750,-1
20170621,22:51:06,191.255.175.39,constant,GnBu,o,750,1
20170621,22:51:08,191.23.110.148,linearDecrease,Greys,^,300,-1
20170621,22:51:08,191.23.110.148,linearDecrease,YlOrRd,^,300,1
20170621,22:51:09,179.159.179.25,constant,Greys,^,100,-1
20170621,22:51:09,179.159.179.25,constant,YlOrRd,^,100,1
20170621,22:51:12,191.255.175.39,constant,YlOrRd,v,750,1
20170621,22:51:12,191.255.175.39,constant,Greys,v,750,-1
20170621,22:51:14,179.159.179.25,linearIncrease,YlOrRd,o,300,1
20170621,22:51:14,179.159.179.25,linearIncrease,Greys,o,300,-1
20170621,22:51:15,191.23.110.148,linearIncrease,YlOrRd,^,750,-1
20170621,22:51:15,191.23.110.148,linearIncrease,YlOrRd,^,100,1
20170621,22:51:17,191.255.175.39,linearIncrease,GnBu,v,750,-1
20170621,22:51:17,191.255.175.39,linearIncrease,GnBu,o,750,1
20170621,22:51:19,179.159.179.25,linearDecrease,GnBu,o,100,-1
20170621,22:51:19,179.159.179.25,linearDecrease,GnBu,^,100,1
20170621,22:51:19,191.23.110.148,constant,GnBu,v,300,1
20170621,22:51:19,191.23.110.148,constant,Greys,v,300,-1
20170621,22:51:22,191.255.175.39,linearIncrease,Greys,v,100,-1
20170621,22:51:22,191.255.175.39,linearIncrease,YlOrRd,v,100,1
20170621,22:51:24,179.159.179.25,constant,Greys,v,300,-1
20170621,22:51:24,179.159.179.25,constant,GnBu,v,300,1
20170621,22:51:26,191.255.175.39,linearDecrease,Greys,o,750,1
20170621,22:51:26,191.255.175.39,linearDecrease,Greys,^,750,-1
20170621,22:51:29,179.159.179.25,linearDecrease,YlOrRd,o,300,1
20170621,22:51:29,179.159.179.25,linearDecrease,YlOrRd,o,100,-1
20170621,22:51:32,191.255.175.39,constant,Greys,o,300,-1
20170621,22:51:32,191.255.175.39,constant,GnBu,o,300,1
20170621,22:51:37,191.255.175.39,constant,Greys,o,100,-1
20170621,22:51:37,191.255.175.39,constant,GnBu,o,100,1
20170621,22:51:49,191.255.175.39,linearDecrease,YlOrRd,^,100,1
20170621,22:51:49,191.255.175.39,linearDecrease,YlOrRd,^,750,-1
20170621,22:51:58,179.159.179.25,constant,YlOrRd,v,750,1
20170621,22:51:58,179.159.179.25,constant,Greys,v,750,-1
20170621,22:52:01,191.255.175.39,constant,GnBu,^,100,1
20170621,22:52:01,191.255.175.39,constant,GnBu,v,100,-1
20170621,22:52:03,179.159.179.25,linearIncrease,YlOrRd,v,300,-1
20170621,22:52:03,179.159.179.25,linearIncrease,YlOrRd,^,300,1
20170621,22:52:09,179.159.179.25,linearDecrease,GnBu,^,750,1
20170621,22:52:09,179.159.179.25,linearDecrease,GnBu,o,750,-1
20170621,22:52:14,179.159.179.25,linearIncrease,GnBu,v,750,-1
20170621,22:52:14,179.159.179.25,linearIncrease,GnBu,o,750,1
20170621,22:52:23,179.159.179.25,linearDecrease,Greys,v,750,-1
20170621,22:52:23,179.159.179.25,linearDecrease,YlOrRd,v,750,1
20170621,22:52:28,179.159.179.25,linearDecrease,YlOrRd,o,750,1
20170621,22:52:28,179.159.179.25,linearDecrease,YlOrRd,o,100,-1
20170621,22:52:34,179.159.179.25,linearDecrease,Greys,^,100,-1
20170621,22:52:34,179.159.179.25,linearDecrease,GnBu,^,100,1
20170621,22:52:39,179.159.179.25,linearDecrease,Greys,^,100,-1
20170621,22:52:39,179.159.179.25,linearDecrease,Greys,^,750,1
20170621,22:52:44,179.159.179.25,linearIncrease,GnBu,o,100,1
20170621,22:52:44,179.159.179.25,linearIncrease,GnBu,v,100,-1
20170621,22:52:49,179.159.179.25,linearDecrease,YlOrRd,^,750,1
20170621,22:52:49,179.159.179.25,linearDecrease,GnBu,^,750,-1
20170621,22:52:56,179.159.179.25,linearIncrease,GnBu,o,300,-1
20170621,22:52:56,179.159.179.25,linearIncrease,GnBu,^,300,1
20170621,22:53:01,179.159.179.25,linearIncrease,Greys,o,750,1
20170621,22:53:01,179.159.179.25,linearIncrease,Greys,o,100,-1
20170621,22:53:06,179.159.179.25,linearIncrease,GnBu,v,750,1
20170621,22:53:06,179.159.179.25,linearIncrease,Greys,v,750,-1
20170621,22:53:11,179.159.179.25,linearDecrease,Greys,o,100,1
20170621,22:53:11,179.159.179.25,linearDecrease,Greys,v,100,-1
20170621,22:53:15,189.61.239.209,linearIncrease,YlOrRd,^,750,-1
20170621,22:53:15,189.61.239.209,linearIncrease,YlOrRd,^,300,1
20170621,22:53:20,179.159.179.25,linearIncrease,YlOrRd,v,300,-1
20170621,22:53:20,179.159.179.25,linearIncrease,YlOrRd,v,750,1
20170621,22:53:30,189.61.239.209,linearIncrease,YlOrRd,o,300,1
20170621,22:53:30,189.61.239.209,linearIncrease,YlOrRd,v,300,-1
20170621,22:53:47,189.61.239.209,linearDecrease,YlOrRd,v,750,-1
20170621,22:53:47,189.61.239.209,linearDecrease,YlOrRd,^,750,1
20170621,22:53:51,189.61.239.209,linearIncrease,Greys,v,750,-1
20170621,22:53:51,189.61.239.209,linearIncrease,YlOrRd,v,750,1
20170621,22:53:57,189.61.239.209,linearIncrease,YlOrRd,v,300,-1
20170621,22:53:57,189.61.239.209,linearIncrease,GnBu,v,300,1
20170621,22:54:01,189.61.239.209,linearIncrease,Greys,v,750,1
20170621,22:54:01,189.61.239.209,linearIncrease,Greys,v,100,-1
20170621,22:54:04,189.61.239.209,linearDecrease,Greys,o,750,-1
20170621,22:54:04,189.61.239.209,linearDecrease,Greys,v,750,1
20170621,22:54:08,189.61.239.209,constant,YlOrRd,o,300,1
20170621,22:54:08,189.61.239.209,constant,YlOrRd,^,300,-1
20170621,22:54:12,189.61.239.209,constant,Greys,^,300,-1
20170621,22:54:12,189.61.239.209,constant,YlOrRd,^,300,1
20170621,22:54:21,189.61.239.209,constant,Greys,^,750,-1
20170621,22:54:21,189.61.239.209,constant,Greys,^,100,1
20170621,22:54:24,189.61.239.209,constant,Greys,^,100,-1
20170621,22:54:24,189.61.239.209,constant,Greys,^,750,1
20170621,22:54:27,189.61.239.209,constant,Greys,^,300,1
20170621,22:54:27,189.61.239.209,constant,Greys,^,100,-1
20170621,22:54:30,189.61.239.209,linearDecrease,GnBu,o,300,1
20170621,22:54:30,189.61.239.209,linearDecrease,GnBu,^,300,-1
20170621,22:54:40,189.61.239.209,linearDecrease,Greys,^,750,-1
20170621,22:54:40,189.61.239.209,linearDecrease,Greys,o,750,1
20170621,22:54:45,189.61.239.209,linearIncrease,Greys,o,300,1
20170621,22:54:45,189.61.239.209,linearIncrease,Greys,v,300,-1
20170621,22:54:50,189.61.239.209,linearIncrease,GnBu,o,300,1
20170621,22:54:50,189.61.239.209,linearIncrease,GnBu,o,750,-1
20170621,22:54:53,189.61.239.209,linearIncrease,GnBu,o,300,1
20170621,22:54:53,189.61.239.209,linearIncrease,GnBu,o,750,-1
20170621,22:54:57,189.61.239.209,linearDecrease,GnBu,^,750,1
20170621,22:54:57,189.61.239.209,linearDecrease,Greys,^,750,-1
20170621,22:55:00,189.61.239.209,linearDecrease,Greys,v,300,-1
20170621,22:55:00,189.61.239.209,linearDecrease,Greys,o,300,1
20170621,22:55:04,189.61.239.209,linearDecrease,Greys,o,300,1
20170621,22:55:04,189.61.239.209,linearDecrease,Greys,^,300,-1
20170621,23:13:51,186.214.59.191,constant,GnBu,v,300,-1
20170621,23:13:51,186.214.59.191,constant,GnBu,v,100,1
20170621,23:13:54,186.214.59.191,linearDecrease,YlOrRd,^,750,-1
20170621,23:13:54,186.214.59.191,linearDecrease,YlOrRd,^,300,1
20170621,23:13:56,186.214.59.191,linearIncrease,GnBu,o,750,-1
20170621,23:13:56,186.214.59.191,linearIncrease,GnBu,o,300,1
20170621,23:13:59,186.214.59.191,constant,Greys,v,750,-1
20170621,23:13:59,186.214.59.191,constant,Greys,v,100,1
20170621,23:14:01,186.214.59.191,linearIncrease,GnBu,o,300,1
20170621,23:14:01,186.214.59.191,linearIncrease,GnBu,o,750,-1
20170621,23:14:07,186.214.59.191,constant,GnBu,o,300,1
20170621,23:14:07,186.214.59.191,constant,Greys,o,300,-1
20170621,23:14:10,186.214.59.191,linearDecrease,Greys,o,750,1
20170621,23:14:10,186.214.59.191,linearDecrease,Greys,v,750,-1
20170621,23:14:13,186.214.59.191,linearIncrease,GnBu,^,100,1
20170621,23:14:13,186.214.59.191,linearIncrease,GnBu,^,300,-1
20170621,23:14:17,186.214.59.191,constant,GnBu,^,750,-1
20170621,23:14:17,186.214.59.191,constant,GnBu,o,750,1
20170621,23:14:20,186.214.59.191,linearIncrease,Greys,^,750,-1
20170621,23:14:20,186.214.59.191,linearIncrease,GnBu,^,750,1
20170621,23:14:24,186.214.59.191,linearIncrease,YlOrRd,^,300,-1
20170621,23:14:24,186.214.59.191,linearIncrease,YlOrRd,o,300,1
20170621,23:14:32,186.214.59.191,constant,YlOrRd,v,300,-1
20170621,23:14:32,186.214.59.191,constant,GnBu,v,300,1
20170621,23:14:35,186.214.59.191,linearIncrease,Greys,^,300,-1
20170621,23:14:35,186.214.59.191,linearIncrease,YlOrRd,^,300,1
20170621,23:14:38,186.214.59.191,linearDecrease,Greys,^,300,-1
20170621,23:14:38,186.214.59.191,linearDecrease,YlOrRd,^,300,1
20170621,23:14:48,186.214.59.191,constant,Greys,^,100,-1
20170621,23:14:48,186.214.59.191,constant,Greys,v,100,1
20170621,23:14:50,186.214.59.191,constant,GnBu,o,300,-1
20170621,23:14:50,186.214.59.191,constant,GnBu,o,100,1
20170621,23:14:54,186.214.59.191,linearIncrease,Greys,v,100,-1
20170621,23:14:54,186.214.59.191,linearIncrease,YlOrRd,v,100,1
20170621,23:14:58,186.214.59.191,constant,GnBu,^,300,-1
20170621,23:14:58,186.214.59.191,constant,GnBu,v,300,1
20170621,23:15:02,186.214.59.191,linearDecrease,GnBu,^,100,-1
20170621,23:15:02,186.214.59.191,linearDecrease,GnBu,v,100,1
20170621,23:15:02,187.183.131.36,linearIncrease,GnBu,v,100,1
20170621,23:15:02,187.183.131.36,linearIncrease,Greys,v,100,-1
20170621,23:15:08,186.214.59.191,linearDecrease,Greys,v,300,-1
20170621,23:15:08,186.214.59.191,linearDecrease,Greys,^,300,1
20170621,23:15:24,187.183.131.36,constant,YlOrRd,^,100,-1
20170621,23:15:24,187.183.131.36,constant,GnBu,^,100,1
20170621,23:16:03,187.183.131.36,constant,YlOrRd,^,300,-1
20170621,23:16:03,187.183.131.36,constant,YlOrRd,^,100,1
20170621,23:16:19,187.183.131.36,linearIncrease,GnBu,^,300,-1
20170621,23:16:19,187.183.131.36,linearIncrease,YlOrRd,^,300,1
20170621,23:16:47,187.183.131.36,linearDecrease,GnBu,v,100,1
20170621,23:16:47,187.183.131.36,linearDecrease,GnBu,o,100,-1
20170621,23:17:02,187.183.131.36,constant,YlOrRd,o,300,1
20170621,23:17:02,187.183.131.36,constant,YlOrRd,o,750,-1
20170621,23:17:24,187.183.131.36,linearDecrease,YlOrRd,v,100,1
20170621,23:17:24,187.183.131.36,linearDecrease,YlOrRd,o,100,-1
20170621,23:17:58,187.183.131.36,linearDecrease,YlOrRd,v,100,1
20170621,23:17:58,187.183.131.36,linearDecrease,YlOrRd,^,100,-1
20170621,23:18:18,187.183.131.36,linearDecrease,GnBu,o,100,1
20170621,23:18:18,187.183.131.36,linearDecrease,GnBu,o,300,-1
20170621,23:18:39,187.183.131.36,linearDecrease,YlOrRd,^,300,1
20170621,23:18:39,187.183.131.36,linearDecrease,YlOrRd,v,300,-1
20170621,23:18:48,187.183.131.36,linearIncrease,Greys,o,100,-1
20170621,23:18:48,187.183.131.36,linearIncrease,YlOrRd,o,100,1
20170621,23:19:02,187.183.131.36,constant,YlOrRd,v,300,1
20170621,23:19:02,187.183.131.36,constant,YlOrRd,v,750,-1
20170621,23:19:12,187.183.131.36,constant,Greys,o,300,-1
20170621,23:19:12,187.183.131.36,constant,GnBu,o,300,1
20170621,23:19:30,187.183.131.36,linearDecrease,YlOrRd,o,300,-1
20170621,23:19:30,187.183.131.36,linearDecrease,YlOrRd,v,300,1
20170621,23:19:45,187.183.131.36,constant,YlOrRd,^,300,1
20170621,23:19:45,187.183.131.36,constant,YlOrRd,o,300,-1
20170621,23:19:54,187.183.131.36,linearIncrease,GnBu,^,750,-1
20170621,23:19:54,187.183.131.36,linearIncrease,GnBu,^,300,1
20170621,23:20:14,187.183.131.36,linearIncrease,GnBu,v,300,-1
20170621,23:20:14,187.183.131.36,linearIncrease,GnBu,v,100,1
20170621,23:20:25,187.183.131.36,linearIncrease,YlOrRd,o,750,1
20170621,23:20:25,187.183.131.36,linearIncrease,Greys,o,750,-1
20170621,23:20:34,187.183.131.36,linearDecrease,YlOrRd,^,750,1
20170621,23:20:34,187.183.131.36,linearDecrease,Greys,^,750,-1
20170621,23:20:45,187.183.131.36,linearDecrease,YlOrRd,^,100,1
20170621,23:20:45,187.183.131.36,linearDecrease,YlOrRd,o,100,-1
20170622,00:35:18,177.79.25.111,linearIncrease,GnBu,v,300,1
20170622,00:35:18,177.79.25.111,linearIncrease,GnBu,o,300,-1
20170622,00:35:22,177.79.25.111,linearIncrease,GnBu,^,750,1
20170622,00:35:22,177.79.25.111,linearIncrease,GnBu,v,750,-1
20170622,00:35:26,177.79.25.111,linearIncrease,GnBu,^,100,-1
20170622,00:35:26,177.79.25.111,linearIncrease,YlOrRd,^,100,1
20170622,00:35:31,177.79.25.111,linearDecrease,Greys,^,750,-1
20170622,00:35:31,177.79.25.111,linearDecrease,Greys,^,100,1
20170622,00:35:34,177.79.25.111,linearDecrease,Greys,^,300,-1
20170622,00:35:34,177.79.25.111,linearDecrease,GnBu,^,300,1
20170622,00:35:38,177.79.25.111,linearIncrease,GnBu,o,300,-1
20170622,00:35:38,177.79.25.111,linearIncrease,GnBu,v,300,1
20170622,00:35:48,177.79.25.111,linearIncrease,Greys,^,750,-1
20170622,00:35:48,177.79.25.111,linearIncrease,Greys,v,750,1
20170622,00:35:51,177.79.25.111,linearIncrease,GnBu,v,100,-1
20170622,00:35:51,177.79.25.111,linearIncrease,GnBu,o,100,1
20170622,00:35:54,177.79.25.111,constant,Greys,^,750,-1
20170622,00:35:54,177.79.25.111,constant,GnBu,^,750,1
20170622,00:35:58,177.79.25.111,linearDecrease,YlOrRd,v,750,-1
20170622,00:35:58,177.79.25.111,linearDecrease,YlOrRd,v,300,1
20170622,00:36:00,177.79.25.111,linearIncrease,YlOrRd,v,300,1
20170622,00:36:00,177.79.25.111,linearIncrease,Greys,v,300,-1
20170622,00:36:02,177.79.25.111,constant,YlOrRd,^,750,1
20170622,00:36:02,177.79.25.111,constant,GnBu,^,750,-1
20170622,00:36:05,177.79.25.111,linearDecrease,GnBu,v,300,1
20170622,00:36:05,177.79.25.111,linearDecrease,Greys,v,300,-1
20170622,00:36:08,177.79.25.111,linearIncrease,Greys,o,100,-1
20170622,00:36:08,177.79.25.111,linearIncrease,YlOrRd,o,100,1
20170622,00:36:10,177.79.25.111,constant,GnBu,v,100,-1
20170622,00:36:10,177.79.25.111,constant,YlOrRd,v,100,1
20170622,00:36:13,177.79.25.111,linearDecrease,YlOrRd,^,100,-1
20170622,00:36:13,177.79.25.111,linearDecrease,YlOrRd,v,100,1
20170622,00:36:15,177.79.25.111,linearIncrease,GnBu,v,300,1
20170622,00:36:15,177.79.25.111,linearIncrease,GnBu,v,750,-1
20170622,00:36:18,177.79.25.111,linearDecrease,YlOrRd,v,100,-1
20170622,00:36:18,177.79.25.111,linearDecrease,YlOrRd,v,300,1
20170622,00:36:21,177.79.25.111,linearDecrease,GnBu,v,750,-1
20170622,00:36:21,177.79.25.111,linearDecrease,GnBu,v,100,1
20170622,00:36:23,177.79.25.111,constant,Greys,^,100,-1
20170622,00:36:23,177.79.25.111,constant,YlOrRd,^,100,1
20170622,01:45:22,191.204.208.92,linearDecrease,GnBu,v,100,1
20170622,01:45:22,191.204.208.92,linearDecrease,YlOrRd,v,100,-1
20170622,01:45:29,191.204.208.92,linearDecrease,YlOrRd,v,300,-1
20170622,01:45:29,191.204.208.92,linearDecrease,GnBu,v,300,1
20170622,01:45:43,191.204.208.92,linearIncrease,Greys,o,300,1
20170622,01:45:43,191.204.208.92,linearIncrease,Greys,^,300,-1
20170622,01:52:25,179.159.206.23,constant,GnBu,o,100,1
20170622,01:52:25,179.159.206.23,constant,YlOrRd,o,100,-1
20170622,01:52:34,179.159.206.23,linearDecrease,YlOrRd,v,750,-1
20170622,01:52:34,179.159.206.23,linearDecrease,YlOrRd,o,750,1
20170622,01:52:51,179.159.206.23,constant,Greys,o,750,-1
20170622,01:52:51,179.159.206.23,constant,Greys,v,750,1
20170622,01:53:02,179.159.206.23,linearIncrease,YlOrRd,^,100,-1
20170622,01:53:02,179.159.206.23,linearIncrease,YlOrRd,^,750,1
20170622,01:53:09,179.159.206.23,constant,Greys,v,100,-1
20170622,01:53:09,179.159.206.23,constant,Greys,v,750,1
20170622,01:53:15,179.159.206.23,linearDecrease,YlOrRd,o,100,1
20170622,01:53:15,179.159.206.23,linearDecrease,YlOrRd,^,100,-1
20170622,01:53:25,179.159.206.23,linearDecrease,YlOrRd,v,100,1
20170622,01:53:25,179.159.206.23,linearDecrease,YlOrRd,^,100,-1
20170622,01:53:44,179.159.206.23,linearIncrease,YlOrRd,^,100,-1
20170622,01:53:44,179.159.206.23,linearIncrease,YlOrRd,v,100,1
20170622,01:54:01,179.159.206.23,linearDecrease,Greys,v,750,-1
20170622,01:54:01,179.159.206.23,linearDecrease,YlOrRd,v,750,1
20170622,01:54:10,179.159.206.23,linearDecrease,Greys,o,750,-1
20170622,01:54:10,179.159.206.23,linearDecrease,GnBu,o,750,1
20170622,01:54:26,179.159.206.23,linearDecrease,GnBu,^,300,1
20170622,01:54:26,179.159.206.23,linearDecrease,Greys,^,300,-1
20170622,01:54:29,179.159.206.23,constant,GnBu,o,750,1
20170622,01:54:29,179.159.206.23,constant,Greys,o,750,-1
20170622,01:54:35,179.159.206.23,linearIncrease,YlOrRd,^,100,-1
20170622,01:54:35,179.159.206.23,linearIncrease,YlOrRd,v,100,1
20170622,01:54:53,179.159.206.23,linearIncrease,YlOrRd,v,750,-1
20170622,01:54:53,179.159.206.23,linearIncrease,GnBu,v,750,1
20170622,01:54:59,179.159.206.23,linearIncrease,Greys,o,100,1
20170622,01:54:59,179.159.206.23,linearIncrease,Greys,^,100,-1
20170622,01:55:10,179.159.206.23,linearIncrease,GnBu,o,300,1
20170622,01:55:10,179.159.206.23,linearIncrease,GnBu,^,300,-1
20170622,01:55:20,179.159.206.23,linearIncrease,GnBu,^,750,-1
20170622,01:55:20,179.159.206.23,linearIncrease,GnBu,o,750,1
20170622,01:55:23,179.159.206.23,constant,YlOrRd,v,300,1
20170622,01:55:23,179.159.206.23,constant,YlOrRd,v,100,-1
20170622,01:55:30,179.159.206.23,linearIncrease,Greys,o,750,-1
20170622,01:55:30,179.159.206.23,linearIncrease,YlOrRd,o,750,1
20170622,01:55:41,179.159.206.23,constant,Greys,^,300,1
20170622,01:55:41,179.159.206.23,constant,Greys,v,300,-1
20170622,02:09:45,2804:14d:3c83:502f:3934:80c1:e317:da1e,linearDecrease,Greys,^,300,-1
20170622,02:09:45,2804:14d:3c83:502f:3934:80c1:e317:da1e,linearDecrease,YlOrRd,^,300,1
20170622,02:09:55,2804:14d:3c83:502f:3934:80c1:e317:da1e,constant,GnBu,^,100,1
20170622,02:09:55,2804:14d:3c83:502f:3934:80c1:e317:da1e,constant,GnBu,^,750,-1
20170622,02:10:00,2804:14d:3c83:502f:3934:80c1:e317:da1e,constant,GnBu,^,300,1
20170622,02:10:00,2804:14d:3c83:502f:3934:80c1:e317:da1e,constant,Greys,^,300,-1
20170622,02:10:28,2804:14d:3c83:502f:3934:80c1:e317:da1e,linearIncrease,YlOrRd,o,100,-1
20170622,02:10:28,2804:14d:3c83:502f:3934:80c1:e317:da1e,linearIncrease,YlOrRd,v,100,1
20170622,02:10:35,2804:14d:3c83:502f:3934:80c1:e317:da1e,linearDecrease,Greys,v,300,-1
20170622,02:10:35,2804:14d:3c83:502f:3934:80c1:e317:da1e,linearDecrease,Greys,v,100,1
20170622,02:10:40,2804:14d:3c83:502f:3934:80c1:e317:da1e,linearDecrease,YlOrRd,v,300,1
20170622,02:10:40,2804:14d:3c83:502f:3934:80c1:e317:da1e,linearDecrease,YlOrRd,o,300,-1
20170622,02:10:45,2804:14d:3c83:502f:3934:80c1:e317:da1e,constant,Greys,o,100,-1
20170622,02:10:45,2804:14d:3c83:502f:3934:80c1:e317:da1e,constant,YlOrRd,o,100,1
20170622,02:10:59,191.204.208.92,constant,Greys,v,750,1
20170622,02:10:59,191.204.208.92,constant,Greys,^,750,-1
20170622,02:11:10,191.204.208.92,constant,Greys,o,750,-1
20170622,02:11:10,191.204.208.92,constant,Greys,o,300,1
20170622,02:11:12,2804:14d:3c83:502f:3934:80c1:e317:da1e,linearIncrease,GnBu,^,750,-1
20170622,02:11:12,2804:14d:3c83:502f:3934:80c1:e317:da1e,linearIncrease,YlOrRd,^,750,1
20170622,02:11:15,191.204.208.92,linearIncrease,Greys,^,300,1
20170622,02:11:15,191.204.208.92,linearIncrease,GnBu,^,300,-1
20170622,02:11:22,191.204.208.92,linearDecrease,GnBu,o,300,1
20170622,02:11:22,191.204.208.92,linearDecrease,GnBu,v,300,-1
20170622,02:11:28,2804:14d:3c83:502f:3934:80c1:e317:da1e,linearDecrease,Greys,v,300,-1
20170622,02:11:28,2804:14d:3c83:502f:3934:80c1:e317:da1e,linearDecrease,Greys,^,300,1
20170622,02:11:31,191.204.208.92,constant,Greys,o,750,1
20170622,02:11:31,191.204.208.92,constant,Greys,v,750,-1
20170622,02:11:34,2804:14d:3c83:502f:3934:80c1:e317:da1e,linearIncrease,Greys,o,750,-1
20170622,02:11:34,2804:14d:3c83:502f:3934:80c1:e317:da1e,linearIncrease,Greys,o,300,1
20170622,02:11:37,191.204.208.92,linearIncrease,YlOrRd,v,100,-1
20170622,02:11:37,191.204.208.92,linearIncrease,Greys,v,100,1
20170622,02:11:39,2804:14d:3c83:502f:3934:80c1:e317:da1e,linearDecrease,GnBu,o,300,1
20170622,02:11:39,2804:14d:3c83:502f:3934:80c1:e317:da1e,linearDecrease,GnBu,o,750,-1
20170622,02:11:43,191.204.208.92,linearDecrease,GnBu,^,300,-1
20170622,02:11:43,191.204.208.92,linearDecrease,GnBu,o,300,1
20170622,02:11:46,2804:14d:3c83:502f:3934:80c1:e317:da1e,constant,Greys,o,750,-1
20170622,02:11:46,2804:14d:3c83:502f:3934:80c1:e317:da1e,constant,YlOrRd,o,750,1
20170622,02:11:49,2804:14d:3c83:502f:3934:80c1:e317:da1e,linearDecrease,GnBu,v,750,-1
20170622,02:11:49,2804:14d:3c83:502f:3934:80c1:e317:da1e,linearDecrease,YlOrRd,v,750,1
20170622,02:11:50,191.204.208.92,linearIncrease,Greys,v,750,1
20170622,02:11:50,191.204.208.92,linearIncrease,YlOrRd,v,750,-1
20170622,02:11:52,2804:14d:3c83:502f:3934:80c1:e317:da1e,constant,Greys,^,100,-1
20170622,02:11:52,2804:14d:3c83:502f:3934:80c1:e317:da1e,constant,YlOrRd,^,100,1
20170622,02:11:56,191.204.208.92,linearIncrease,GnBu,v,300,1
20170622,02:11:56,191.204.208.92,linearIncrease,GnBu,v,750,-1
20170622,02:11:59,2804:14d:3c83:502f:3934:80c1:e317:da1e,linearIncrease,GnBu,^,100,1
20170622,02:11:59,2804:14d:3c83:502f:3934:80c1:e317:da1e,linearIncrease,GnBu,v,100,-1
20170622,02:12:00,191.204.208.92,linearDecrease,Greys,o,750,-1
20170622,02:12:00,191.204.208.92,linearDecrease,Greys,o,100,1
20170622,02:12:02,2804:14d:3c83:502f:3934:80c1:e317:da1e,linearIncrease,Greys,v,300,1
20170622,02:12:02,2804:14d:3c83:502f:3934:80c1:e317:da1e,linearIncrease,Greys,v,750,-1
20170622,02:12:05,2804:14d:3c83:502f:3934:80c1:e317:da1e,linearIncrease,GnBu,v,100,1
20170622,02:12:05,2804:14d:3c83:502f:3934:80c1:e317:da1e,linearIncrease,GnBu,v,750,-1
20170622,02:12:06,191.204.208.92,constant,Greys,^,300,1
20170622,02:12:06,191.204.208.92,constant,YlOrRd,^,300,-1
20170622,02:12:08,2804:14d:3c83:502f:3934:80c1:e317:da1e,linearIncrease,GnBu,^,750,-1
20170622,02:12:08,2804:14d:3c83:502f:3934:80c1:e317:da1e,linearIncrease,GnBu,^,100,1
20170622,02:12:11,191.204.208.92,linearDecrease,GnBu,^,300,-1
20170622,02:12:11,191.204.208.92,linearDecrease,GnBu,o,300,1
20170622,02:12:18,2804:14d:3c83:502f:3934:80c1:e317:da1e,constant,Greys,^,100,-1
20170622,02:12:18,2804:14d:3c83:502f:3934:80c1:e317:da1e,constant,GnBu,^,100,1
20170622,02:12:18,191.204.208.92,linearIncrease,YlOrRd,o,750,-1
20170622,02:12:18,191.204.208.92,linearIncrease,Greys,o,750,1
20170622,02:12:26,2804:14d:3c83:502f:3934:80c1:e317:da1e,constant,GnBu,^,750,1
20170622,02:12:26,2804:14d:3c83:502f:3934:80c1:e317:da1e,constant,Greys,^,750,-1
20170622,02:12:37,191.204.208.92,linearIncrease,YlOrRd,^,750,1
20170622,02:12:37,191.204.208.92,linearIncrease,YlOrRd,v,750,-1
20170622,02:12:42,191.204.208.92,constant,Greys,o,100,1
20170622,02:12:42,191.204.208.92,constant,Greys,o,750,-1
20170622,02:12:47,191.204.208.92,linearDecrease,Greys,v,750,1
20170622,02:12:47,191.204.208.92,linearDecrease,YlOrRd,v,750,-1
20170622,02:12:51,191.204.208.92,linearDecrease,GnBu,^,300,-1
20170622,02:12:51,191.204.208.92,linearDecrease,GnBu,o,300,1
20170622,02:23:22,83.136.45.63,constant,Greys,o,750,-1
20170622,02:23:22,83.136.45.63,constant,Greys,o,100,1
20170622,02:23:31,83.136.45.63,constant,YlOrRd,^,100,1
20170622,02:23:31,83.136.45.63,constant,YlOrRd,o,100,-1
20170622,02:23:37,83.136.45.63,linearIncrease,YlOrRd,^,750,1
20170622,02:23:37,83.136.45.63,linearIncrease,Greys,^,750,-1
20170622,02:23:45,83.136.45.63,linearIncrease,YlOrRd,v,750,-1
20170622,02:23:45,83.136.45.63,linearIncrease,YlOrRd,v,300,1
20170622,02:23:54,83.136.45.63,constant,GnBu,v,750,1
20170622,02:23:54,83.136.45.63,constant,Greys,v,750,-1
20170622,02:24:02,83.136.45.63,linearDecrease,YlOrRd,v,100,1
20170622,02:24:02,83.136.45.63,linearDecrease,YlOrRd,v,750,-1
20170622,02:24:08,83.136.45.63,linearDecrease,Greys,o,750,-1
20170622,02:24:08,83.136.45.63,linearDecrease,Greys,^,750,1
20170622,02:24:27,83.136.45.63,linearDecrease,GnBu,^,300,1
20170622,02:24:27,83.136.45.63,linearDecrease,GnBu,v,300,-1
20170622,02:24:37,83.136.45.63,constant,YlOrRd,o,100,1
20170622,02:24:37,83.136.45.63,constant,YlOrRd,o,750,-1
20170622,02:24:43,83.136.45.63,linearDecrease,GnBu,o,300,1
20170622,02:24:43,83.136.45.63,linearDecrease,GnBu,o,750,-1
20170622,02:24:47,83.136.45.63,constant,Greys,v,300,-1
20170622,02:24:47,83.136.45.63,constant,YlOrRd,v,300,1
20170622,02:24:52,83.136.45.63,linearIncrease,GnBu,o,750,-1
20170622,02:24:52,83.136.45.63,linearIncrease,GnBu,v,750,1
20170622,02:24:56,83.136.45.63,linearIncrease,YlOrRd,v,100,-1
20170622,02:24:56,83.136.45.63,linearIncrease,YlOrRd,v,300,1
20170622,02:25:02,83.136.45.63,constant,YlOrRd,^,300,1
20170622,02:25:02,83.136.45.63,constant,GnBu,^,300,-1
20170622,02:25:10,83.136.45.63,linearIncrease,Greys,v,300,-1
20170622,02:25:10,83.136.45.63,linearIncrease,YlOrRd,v,300,1
20170622,02:25:14,83.136.45.63,constant,GnBu,o,300,1
20170622,02:25:14,83.136.45.63,constant,GnBu,o,750,-1
20170622,02:25:21,83.136.45.63,linearIncrease,GnBu,^,100,1
20170622,02:25:21,83.136.45.63,linearIncrease,YlOrRd,^,100,-1
20170622,02:25:27,83.136.45.63,constant,YlOrRd,o,750,-1
20170622,02:25:27,83.136.45.63,constant,YlOrRd,^,750,1
20170622,02:25:36,83.136.45.63,constant,Greys,v,300,1
20170622,02:25:36,83.136.45.63,constant,Greys,v,750,-1
20170622,02:25:41,83.136.45.63,linearIncrease,YlOrRd,o,300,-1
20170622,02:25:41,83.136.45.63,linearIncrease,YlOrRd,^,300,1
20170622,12:12:49,191.23.110.148,linearDecrease,GnBu,v,750,1
20170622,12:12:49,191.23.110.148,linearDecrease,YlOrRd,v,750,-1
20170622,12:12:52,191.23.110.148,constant,GnBu,o,750,1
20170622,12:12:52,191.23.110.148,constant,YlOrRd,o,750,-1
20170622,12:12:57,191.23.110.148,constant,Greys,v,300,-1
20170622,12:12:57,191.23.110.148,constant,Greys,^,300,1
20170622,12:12:59,191.23.110.148,linearDecrease,Greys,v,100,-1
20170622,12:12:59,191.23.110.148,linearDecrease,GnBu,v,100,1
20170622,12:13:02,191.23.110.148,linearIncrease,GnBu,o,750,-1
20170622,12:13:02,191.23.110.148,linearIncrease,GnBu,o,100,1
20170622,12:13:04,191.23.110.148,linearIncrease,Greys,^,100,-1
20170622,12:13:04,191.23.110.148,linearIncrease,GnBu,^,100,1
20170622,12:13:06,191.23.110.148,linearIncrease,Greys,o,300,-1
20170622,12:13:06,191.23.110.148,linearIncrease,Greys,^,300,1
20170622,12:13:08,191.23.110.148,linearIncrease,YlOrRd,^,100,-1
20170622,12:13:08,191.23.110.148,linearIncrease,GnBu,^,100,1
20170622,12:13:10,191.23.110.148,constant,GnBu,^,300,1
20170622,12:13:10,191.23.110.148,constant,YlOrRd,^,300,-1
20170622,12:13:13,191.23.110.148,linearDecrease,Greys,v,750,-1
20170622,12:13:13,191.23.110.148,linearDecrease,GnBu,v,750,1
20170622,12:13:17,191.23.110.148,constant,GnBu,o,750,-1
20170622,12:13:17,191.23.110.148,constant,GnBu,v,750,1
20170622,12:13:19,191.23.110.148,constant,YlOrRd,^,750,-1
20170622,12:13:19,191.23.110.148,constant,YlOrRd,^,100,1
20170622,12:13:22,191.23.110.148,linearIncrease,YlOrRd,v,100,1
20170622,12:13:22,191.23.110.148,linearIncrease,Greys,v,100,-1
20170622,12:13:25,191.23.110.148,constant,GnBu,^,750,1
20170622,12:13:25,191.23.110.148,constant,YlOrRd,^,750,-1
20170622,12:13:32,191.23.110.148,linearIncrease,Greys,v,750,-1
20170622,12:13:32,191.23.110.148,linearIncrease,Greys,^,750,1
20170622,12:13:38,191.23.110.148,linearIncrease,Greys,^,300,1
20170622,12:13:38,191.23.110.148,linearIncrease,Greys,o,300,-1
20170622,12:13:41,191.23.110.148,linearDecrease,GnBu,v,750,1
20170622,12:13:41,191.23.110.148,linearDecrease,GnBu,o,750,-1
20170622,12:13:44,191.23.110.148,constant,GnBu,^,300,1
20170622,12:13:44,191.23.110.148,constant,GnBu,v,300,-1
20170622,12:13:47,191.23.110.148,constant,YlOrRd,^,750,-1
20170622,12:13:47,191.23.110.148,constant,YlOrRd,^,300,1
20170622,12:13:50,191.23.110.148,linearIncrease,GnBu,^,750,1
20170622,12:13:50,191.23.110.148,linearIncrease,Greys,^,750,-1
20170622,12:56:25,2620:0:1025:fd00:154:1b9:569a:644a,linearIncrease,GnBu,o,100,1
20170622,12:56:25,2620:0:1025:fd00:154:1b9:569a:644a,linearIncrease,GnBu,v,100,-1
20170622,12:56:32,2620:0:1025:fd00:154:1b9:569a:644a,linearIncrease,GnBu,v,300,1
20170622,12:56:32,2620:0:1025:fd00:154:1b9:569a:644a,linearIncrease,Greys,v,300,-1
20170622,12:56:39,2620:0:1025:fd00:154:1b9:569a:644a,linearIncrease,GnBu,o,100,1
20170622,12:56:39,2620:0:1025:fd00:154:1b9:569a:644a,linearIncrease,GnBu,v,100,-1
20170622,12:56:44,2620:0:1025:fd00:154:1b9:569a:644a,constant,YlOrRd,o,100,1
20170622,12:56:44,2620:0:1025:fd00:154:1b9:569a:644a,constant,YlOrRd,v,100,-1
20170622,12:56:48,2620:0:1025:fd00:154:1b9:569a:644a,linearIncrease,GnBu,o,750,-1
20170622,12:56:48,2620:0:1025:fd00:154:1b9:569a:644a,linearIncrease,GnBu,o,300,1
20170622,12:56:54,2620:0:1025:fd00:154:1b9:569a:644a,constant,YlOrRd,v,300,1
20170622,12:56:54,2620:0:1025:fd00:154:1b9:569a:644a,constant,YlOrRd,o,300,-1
20170622,12:56:56,2620:0:1025:fd00:154:1b9:569a:644a,linearIncrease,YlOrRd,^,750,-1
20170622,12:56:56,2620:0:1025:fd00:154:1b9:569a:644a,linearIncrease,YlOrRd,^,100,1
20170622,12:57:01,2620:0:1025:fd00:154:1b9:569a:644a,linearDecrease,GnBu,o,750,1
20170622,12:57:01,2620:0:1025:fd00:154:1b9:569a:644a,linearDecrease,GnBu,v,750,-1
20170622,12:57:09,2620:0:1025:fd00:154:1b9:569a:644a,constant,GnBu,^,300,-1
20170622,12:57:09,2620:0:1025:fd00:154:1b9:569a:644a,constant,GnBu,v,300,1
20170622,12:57:17,2620:0:1025:fd00:154:1b9:569a:644a,constant,GnBu,^,750,-1
20170622,12:57:17,2620:0:1025:fd00:154:1b9:569a:644a,constant,GnBu,o,750,1
20170622,12:57:25,2620:0:1025:fd00:154:1b9:569a:644a,constant,Greys,^,750,1
20170622,12:57:25,2620:0:1025:fd00:154:1b9:569a:644a,constant,Greys,v,750,-1
20170622,12:57:30,2620:0:1025:fd00:154:1b9:569a:644a,linearIncrease,YlOrRd,o,300,1
20170622,12:57:30,2620:0:1025:fd00:154:1b9:569a:644a,linearIncrease,YlOrRd,v,300,-1
20170622,12:57:33,2620:0:1025:fd00:154:1b9:569a:644a,linearIncrease,GnBu,v,100,1
20170622,12:57:33,2620:0:1025:fd00:154:1b9:569a:644a,linearIncrease,GnBu,v,300,-1
20170622,12:57:37,2620:0:1025:fd00:154:1b9:569a:644a,linearIncrease,YlOrRd,v,300,1
20170622,12:57:37,2620:0:1025:fd00:154:1b9:569a:644a,linearIncrease,Greys,v,300,-1
20170622,12:57:42,2620:0:1025:fd00:154:1b9:569a:644a,constant,YlOrRd,o,100,1
20170622,12:57:42,2620:0:1025:fd00:154:1b9:569a:644a,constant,YlOrRd,o,300,-1
20170622,12:57:45,2620:0:1025:fd00:154:1b9:569a:644a,constant,YlOrRd,^,100,-1
20170622,12:57:45,2620:0:1025:fd00:154:1b9:569a:644a,constant,YlOrRd,o,100,1
20170622,12:57:52,2620:0:1025:fd00:154:1b9:569a:644a,linearDecrease,Greys,^,100,1
20170622,12:57:52,2620:0:1025:fd00:154:1b9:569a:644a,linearDecrease,Greys,^,750,-1
20170622,12:57:55,2620:0:1025:fd00:154:1b9:569a:644a,constant,YlOrRd,o,750,-1
20170622,12:57:55,2620:0:1025:fd00:154:1b9:569a:644a,constant,YlOrRd,^,750,1
20170622,12:57:58,2620:0:1025:fd00:154:1b9:569a:644a,linearIncrease,YlOrRd,^,300,-1
20170622,12:57:58,2620:0:1025:fd00:154:1b9:569a:644a,linearIncrease,YlOrRd,o,300,1
20170622,12:58:04,2620:0:1025:fd00:154:1b9:569a:644a,linearIncrease,YlOrRd,^,750,1
20170622,12:58:04,2620:0:1025:fd00:154:1b9:569a:644a,linearIncrease,YlOrRd,v,750,-1
20170623,11:08:14,177.139.217.186,linearIncrease,YlOrRd,v,300,1
20170623,11:08:14,177.139.217.186,linearIncrease,GnBu,v,300,-1
20170623,11:08:17,177.139.217.186,linearDecrease,Greys,v,100,1
20170623,11:08:17,177.139.217.186,linearDecrease,Greys,v,300,-1
20170623,11:08:21,177.139.217.186,constant,YlOrRd,v,300,-1
20170623,11:08:21,177.139.217.186,constant,YlOrRd,o,300,1
20170623,11:08:24,177.139.217.186,constant,YlOrRd,o,300,-1
20170623,11:08:24,177.139.217.186,constant,YlOrRd,o,100,1
20170623,11:08:31,177.139.217.186,linearDecrease,Greys,^,100,-1
20170623,11:08:31,177.139.217.186,linearDecrease,Greys,^,300,1
20170623,11:08:33,177.139.217.186,constant,YlOrRd,^,300,1
20170623,11:08:33,177.139.217.186,constant,Greys,^,300,-1
20170623,11:08:38,177.139.217.186,linearDecrease,GnBu,^,100,-1
20170623,11:08:38,177.139.217.186,linearDecrease,GnBu,o,100,1
20170623,11:08:41,177.139.217.186,linearIncrease,Greys,v,300,-1
20170623,11:08:41,177.139.217.186,linearIncrease,YlOrRd,v,300,1
20170623,11:08:52,177.139.217.186,linearIncrease,Greys,o,300,-1
20170623,11:08:52,177.139.217.186,linearIncrease,YlOrRd,o,300,1
20170623,11:08:55,177.139.217.186,linearDecrease,Greys,v,300,-1
20170623,11:08:55,177.139.217.186,linearDecrease,Greys,o,300,1
20170623,11:08:58,177.139.217.186,linearDecrease,Greys,o,300,-1
20170623,11:08:58,177.139.217.186,linearDecrease,YlOrRd,o,300,1
20170623,11:09:01,177.139.217.186,linearDecrease,Greys,^,100,1
20170623,11:09:01,177.139.217.186,linearDecrease,Greys,^,750,-1
20170623,11:10:32,177.139.217.186,linearIncrease,GnBu,o,750,1
20170623,11:10:32,177.139.217.186,linearIncrease,GnBu,v,750,-1
20170623,11:10:34,177.139.217.186,linearDecrease,YlOrRd,^,750,-1
20170623,11:10:34,177.139.217.186,linearDecrease,YlOrRd,^,300,1
20170623,11:10:39,177.139.217.186,constant,YlOrRd,v,100,-1
20170623,11:10:39,177.139.217.186,constant,YlOrRd,^,100,1
20170623,11:10:42,177.139.217.186,linearIncrease,GnBu,^,100,1
20170623,11:10:42,177.139.217.186,linearIncrease,GnBu,v,100,-1
20170623,11:10:46,177.139.217.186,constant,GnBu,^,300,1
20170623,11:10:46,177.139.217.186,constant,Greys,^,300,-1
20170623,11:11:02,177.139.217.186,linearDecrease,GnBu,o,750,1
20170623,11:11:02,177.139.217.186,linearDecrease,Greys,o,750,-1
20170623,11:11:05,177.139.217.186,linearIncrease,GnBu,v,750,-1
20170623,11:11:05,177.139.217.186,linearIncrease,GnBu,v,300,1
20170623,11:11:10,177.139.217.186,linearIncrease,Greys,^,300,-1
20170623,11:11:10,177.139.217.186,linearIncrease,Greys,o,300,1
20170623,14:49:45,201.82.63.201,constant,GnBu,^,100,1
20170623,14:49:45,201.82.63.201,constant,GnBu,o,100,-1
20170623,14:49:49,201.82.63.201,linearDecrease,GnBu,o,750,-1
20170623,14:49:49,201.82.63.201,linearDecrease,GnBu,o,100,1
20170623,14:49:57,201.82.63.201,linearDecrease,YlOrRd,v,100,1
20170623,14:49:57,201.82.63.201,linearDecrease,Greys,v,100,-1
20170623,14:50:01,201.82.63.201,constant,YlOrRd,v,750,-1
20170623,14:50:01,201.82.63.201,constant,YlOrRd,v,100,1
20170623,14:50:07,201.82.63.201,constant,Greys,v,300,-1
20170623,14:50:07,201.82.63.201,constant,Greys,^,300,1
20170623,14:50:22,201.82.63.201,linearIncrease,GnBu,v,750,1
20170623,14:50:22,201.82.63.201,linearIncrease,GnBu,o,750,-1
20170623,14:50:25,201.82.63.201,linearDecrease,Greys,v,100,-1
20170623,14:50:25,201.82.63.201,linearDecrease,GnBu,v,100,1
20170623,14:50:29,201.82.63.201,linearDecrease,YlOrRd,v,300,1
20170623,14:50:29,201.82.63.201,linearDecrease,YlOrRd,o,300,-1
20170623,14:50:32,201.82.63.201,linearDecrease,YlOrRd,o,100,1
20170623,14:50:32,201.82.63.201,linearDecrease,YlOrRd,o,300,-1
20170623,14:50:36,201.82.63.201,linearIncrease,YlOrRd,v,100,1
20170623,14:50:36,201.82.63.201,linearIncrease,YlOrRd,^,100,-1
20170623,14:50:38,201.82.63.201,linearDecrease,YlOrRd,v,750,-1
20170623,14:50:38,201.82.63.201,linearDecrease,YlOrRd,v,100,1
20170623,14:50:42,201.82.63.201,constant,Greys,v,300,-1
20170623,14:50:42,201.82.63.201,constant,GnBu,v,300,1
20170623,14:50:45,201.82.63.201,constant,YlOrRd,^,300,1
20170623,14:50:45,201.82.63.201,constant,Greys,^,300,-1
20170623,14:50:47,201.82.63.201,linearDecrease,Greys,^,750,-1
20170623,14:50:47,201.82.63.201,linearDecrease,GnBu,^,750,1
20170623,14:50:51,201.82.63.201,constant,Greys,v,750,-1
20170623,14:50:51,201.82.63.201,constant,Greys,v,300,1
20170623,14:50:56,201.82.63.201,linearIncrease,Greys,^,300,-1
20170623,14:50:56,201.82.63.201,linearIncrease,Greys,^,100,1
20170623,14:51:00,201.82.63.201,linearDecrease,Greys,o,300,-1
20170623,14:51:00,201.82.63.201,linearDecrease,YlOrRd,o,300,1
20170623,14:51:02,201.82.63.201,linearDecrease,Greys,v,100,-1
20170623,14:51:02,201.82.63.201,linearDecrease,GnBu,v,100,1
20170623,14:51:05,201.82.63.201,linearIncrease,YlOrRd,o,750,-1
20170623,14:51:05,201.82.63.201,linearIncrease,GnBu,o,750,1
20170623,14:51:08,201.82.63.201,constant,GnBu,^,300,1
20170623,14:51:08,201.82.63.201,constant,GnBu,o,300,-1
20170623,15:50:26,177.139.217.186,linearIncrease,YlOrRd,^,100,-1
20170623,15:50:26,177.139.217.186,linearIncrease,YlOrRd,o,100,1
20170623,15:50:34,177.139.217.186,constant,YlOrRd,v,750,-1
20170623,15:50:34,177.139.217.186,constant,YlOrRd,v,300,1
20170623,15:50:42,177.139.217.186,linearIncrease,GnBu,v,100,-1
20170623,15:50:42,177.139.217.186,linearIncrease,YlOrRd,v,100,1
20170623,15:50:48,177.139.217.186,linearIncrease,Greys,v,100,1
20170623,15:50:48,177.139.217.186,linearIncrease,Greys,v,300,-1
20170623,15:50:55,177.139.217.186,constant,GnBu,^,300,-1
20170623,15:50:55,177.139.217.186,constant,YlOrRd,^,300,1
20170623,15:51:04,177.139.217.186,linearIncrease,YlOrRd,o,300,-1
20170623,15:51:04,177.139.217.186,linearIncrease,YlOrRd,^,300,1
20170623,15:51:07,177.139.217.186,linearIncrease,YlOrRd,v,300,-1
20170623,15:51:07,177.139.217.186,linearIncrease,YlOrRd,o,300,1
20170623,15:51:14,177.139.217.186,constant,GnBu,v,750,-1
20170623,15:51:14,177.139.217.186,constant,YlOrRd,v,750,1
20170623,15:51:21,177.139.217.186,linearDecrease,YlOrRd,o,300,1
20170623,15:51:21,177.139.217.186,linearDecrease,YlOrRd,^,300,-1
20170623,15:51:30,177.139.217.186,constant,GnBu,v,750,-1
20170623,15:51:30,177.139.217.186,constant,GnBu,v,100,1
20170623,15:51:34,177.139.217.186,linearDecrease,YlOrRd,^,750,-1
20170623,15:51:34,177.139.217.186,linearDecrease,YlOrRd,^,100,1
20170623,15:51:43,177.139.217.186,linearDecrease,GnBu,o,300,-1
20170623,15:51:43,177.139.217.186,linearDecrease,GnBu,o,100,1
20170623,15:51:48,177.139.217.186,linearDecrease,Greys,^,750,-1
20170623,15:51:48,177.139.217.186,linearDecrease,GnBu,^,750,1
20170623,15:51:53,177.139.217.186,linearDecrease,YlOrRd,^,750,-1
20170623,15:51:53,177.139.217.186,linearDecrease,YlOrRd,^,100,1
20170623,15:51:58,177.139.217.186,linearDecrease,Greys,o,100,-1
20170623,15:51:58,177.139.217.186,linearDecrease,Greys,^,100,1
20170623,15:52:07,177.139.217.186,linearDecrease,Greys,v,750,-1
20170623,15:52:07,177.139.217.186,linearDecrease,Greys,v,300,1
20170623,15:52:11,177.139.217.186,constant,YlOrRd,o,300,1
20170623,15:52:11,177.139.217.186,constant,GnBu,o,300,-1
20170623,15:52:22,177.139.217.186,linearIncrease,Greys,v,300,-1
20170623,15:52:22,177.139.217.186,linearIncrease,Greys,^,300,1
20170623,15:52:28,177.139.217.186,constant,Greys,o,300,1
20170623,15:52:28,177.139.217.186,constant,Greys,o,750,-1
20170623,15:52:37,177.139.217.186,linearIncrease,YlOrRd,v,100,1
20170623,15:52:37,177.139.217.186,linearIncrease,YlOrRd,v,750,-1
20170623,16:46:55,177.139.217.186,constant,GnBu,o,100,-1
20170623,16:46:55,177.139.217.186,constant,GnBu,o,300,1
20170623,16:47:01,177.139.217.186,constant,Greys,v,750,-1
20170623,16:47:01,177.139.217.186,constant,GnBu,v,750,1
20170623,16:47:12,177.139.217.186,linearDecrease,GnBu,v,750,-1
20170623,16:47:12,177.139.217.186,linearDecrease,GnBu,v,100,1
20170623,16:47:24,177.139.217.186,constant,YlOrRd,v,750,-1
20170623,16:47:24,177.139.217.186,constant,YlOrRd,o,750,1
20170623,16:47:37,177.139.217.186,linearDecrease,YlOrRd,o,300,1
20170623,16:47:37,177.139.217.186,linearDecrease,YlOrRd,o,750,-1
20170623,16:47:48,177.139.217.186,constant,GnBu,^,300,1
20170623,16:47:48,177.139.217.186,constant,YlOrRd,^,300,-1
20170623,16:48:22,177.139.217.186,linearDecrease,YlOrRd,v,100,-1
20170623,16:48:22,177.139.217.186,linearDecrease,YlOrRd,v,300,1
20170623,16:48:28,177.139.217.186,constant,GnBu,^,300,-1
20170623,16:48:28,177.139.217.186,constant,GnBu,o,300,1
20170623,16:48:32,177.139.217.186,constant,Greys,^,750,-1
20170623,16:48:32,177.139.217.186,constant,Greys,^,100,1
20170623,16:48:45,177.139.217.186,linearIncrease,Greys,^,100,-1
20170623,16:48:45,177.139.217.186,linearIncrease,Greys,v,100,1
20170623,16:48:50,177.139.217.186,constant,Greys,o,100,1
20170623,16:48:50,177.139.217.186,constant,Greys,^,100,-1
20170623,16:48:54,177.139.217.186,constant,Greys,v,100,-1
20170623,16:48:54,177.139.217.186,constant,Greys,^,100,1
20170623,16:48:59,177.139.217.186,constant,YlOrRd,v,100,-1
20170623,16:48:59,177.139.217.186,constant,YlOrRd,o,100,1
20170623,16:49:03,177.139.217.186,linearDecrease,Greys,v,300,-1
20170623,16:49:03,177.139.217.186,linearDecrease,YlOrRd,v,300,1
20170623,16:49:08,177.139.217.186,linearDecrease,Greys,^,750,-1
20170623,16:49:08,177.139.217.186,linearDecrease,YlOrRd,^,750,1
20170623,16:49:14,177.139.217.186,constant,GnBu,o,750,1
20170623,16:49:14,177.139.217.186,constant,Greys,o,750,-1
20170623,16:49:20,177.139.217.186,constant,YlOrRd,^,750,-1
20170623,16:49:20,177.139.217.186,constant,YlOrRd,^,300,1
20170623,16:49:27,177.139.217.186,linearIncrease,YlOrRd,^,750,-1
20170623,16:49:27,177.139.217.186,linearIncrease,YlOrRd,^,300,1
20170623,16:49:37,177.139.217.186,constant,Greys,^,750,-1
20170623,16:49:37,177.139.217.186,constant,Greys,o,750,1
20170623,16:49:48,177.139.217.186,linearDecrease,YlOrRd,o,750,-1
20170623,16:49:48,177.139.217.186,linearDecrease,YlOrRd,o,300,1
20170623,16:50:17,177.139.217.186,linearDecrease,GnBu,^,750,1
20170623,16:50:17,177.139.217.186,linearDecrease,GnBu,v,750,-1
20170623,16:50:21,177.139.217.186,constant,YlOrRd,v,300,1
20170623,16:50:21,177.139.217.186,constant,GnBu,v,300,-1
20170623,16:50:28,177.139.217.186,constant,Greys,v,750,1
20170623,16:50:28,177.139.217.186,constant,Greys,^,750,-1
20170623,16:50:51,177.139.217.186,constant,YlOrRd,v,100,-1
20170623,16:50:51,177.139.217.186,constant,YlOrRd,^,100,1
20170623,16:50:57,177.139.217.186,linearIncrease,Greys,o,300,-1
20170623,16:50:57,177.139.217.186,linearIncrease,YlOrRd,o,300,1
20170623,16:51:03,177.139.217.186,constant,GnBu,o,300,1
20170623,16:51:03,177.139.217.186,constant,YlOrRd,o,300,-1
20170623,16:51:07,177.139.217.186,constant,Greys,^,750,1
20170623,16:51:07,177.139.217.186,constant,Greys,^,100,-1
20170623,16:51:12,177.139.217.186,constant,Greys,v,750,1
20170623,16:51:12,177.139.217.186,constant,Greys,o,750,-1
20170623,16:51:15,177.139.217.186,linearIncrease,YlOrRd,o,100,-1
20170623,16:51:15,177.139.217.186,linearIncrease,YlOrRd,o,300,1
20170623,16:51:23,177.139.217.186,linearIncrease,YlOrRd,^,750,1
20170623,16:51:23,177.139.217.186,linearIncrease,YlOrRd,v,750,-1
20170623,16:51:26,177.139.217.186,linearDecrease,Greys,^,750,-1
20170623,16:51:26,177.139.217.186,linearDecrease,YlOrRd,^,750,1
20170623,16:51:30,177.139.217.186,constant,Greys,o,100,-1
20170623,16:51:30,177.139.217.186,constant,GnBu,o,100,1
20170623,16:51:34,177.139.217.186,linearIncrease,GnBu,v,750,1
20170623,16:51:34,177.139.217.186,linearIncrease,GnBu,^,750,-1
20170623,16:51:38,177.139.217.186,linearDecrease,GnBu,o,100,-1
20170623,16:51:38,177.139.217.186,linearDecrease,GnBu,^,100,1
20170623,16:51:42,177.139.217.186,constant,YlOrRd,v,300,1
20170623,16:51:42,177.139.217.186,constant,YlOrRd,^,300,-1
20170623,16:51:46,177.139.217.186,constant,GnBu,^,300,1
20170623,16:51:46,177.139.217.186,constant,GnBu,^,100,-1
20170623,16:51:49,177.139.217.186,linearIncrease,YlOrRd,v,100,1
20170623,16:51:49,177.139.217.186,linearIncrease,YlOrRd,o,100,-1
20170623,16:51:52,177.139.217.186,linearDecrease,Greys,v,100,-1
20170623,16:51:52,177.139.217.186,linearDecrease,YlOrRd,v,100,1
20170623,16:51:55,177.139.217.186,linearDecrease,YlOrRd,v,100,-1
20170623,16:51:55,177.139.217.186,linearDecrease,YlOrRd,v,750,1
20170623,16:51:59,177.139.217.186,linearDecrease,GnBu,v,300,1
20170623,16:51:59,177.139.217.186,linearDecrease,Greys,v,300,-1
20170623,16:53:01,177.139.217.186,linearIncrease,GnBu,v,750,-1
20170623,16:53:01,177.139.217.186,linearIncrease,YlOrRd,v,750,1
20170623,16:53:11,177.139.217.186,constant,Greys,o,300,1
20170623,16:53:11,177.139.217.186,constant,Greys,o,750,-1
20170623,16:53:21,177.139.217.186,linearIncrease,Greys,^,750,-1
20170623,16:53:21,177.139.217.186,linearIncrease,Greys,^,300,1
20170623,16:53:32,177.139.217.186,constant,GnBu,v,100,-1
20170623,16:53:32,177.139.217.186,constant,YlOrRd,v,100,1
20170623,16:53:39,177.139.217.186,linearDecrease,Greys,^,300,-1
20170623,16:53:39,177.139.217.186,linearDecrease,YlOrRd,^,300,1
20170623,16:53:58,177.139.217.186,linearDecrease,YlOrRd,o,300,-1
20170623,16:53:58,177.139.217.186,linearDecrease,YlOrRd,o,100,1
20170623,16:54:04,177.139.217.186,linearIncrease,GnBu,o,100,-1
20170623,16:54:04,177.139.217.186,linearIncrease,GnBu,^,100,1
20170623,16:54:09,177.139.217.186,linearIncrease,GnBu,^,300,1
20170623,16:54:09,177.139.217.186,linearIncrease,Greys,^,300,-1
20170623,16:54:14,177.139.217.186,constant,YlOrRd,o,300,-1
20170623,16:54:14,177.139.217.186,constant,YlOrRd,v,300,1
20170623,16:54:19,177.139.217.186,constant,GnBu,v,750,1
20170623,16:54:19,177.139.217.186,constant,Greys,v,750,-1
20170623,16:54:23,177.139.217.186,linearIncrease,Greys,o,750,-1
20170623,16:54:23,177.139.217.186,linearIncrease,GnBu,o,750,1
20170623,16:54:26,177.139.217.186,constant,YlOrRd,v,750,1
20170623,16:54:26,177.139.217.186,constant,YlOrRd,o,750,-1
20170623,16:54:29,177.139.217.186,linearDecrease,Greys,o,750,-1
20170623,16:54:29,177.139.217.186,linearDecrease,Greys,v,750,1
20170623,16:54:35,177.139.217.186,linearIncrease,Greys,o,750,-1
20170623,16:54:35,177.139.217.186,linearIncrease,GnBu,o,750,1
20170623,16:54:38,177.139.217.186,linearIncrease,YlOrRd,o,100,1
20170623,16:54:38,177.139.217.186,linearIncrease,Greys,o,100,-1
20170623,16:54:41,177.139.217.186,linearDecrease,GnBu,o,750,-1
20170623,16:54:41,177.139.217.186,linearDecrease,GnBu,^,750,1
20170623,16:54:45,177.139.217.186,linearIncrease,Greys,v,750,-1
20170623,16:54:45,177.139.217.186,linearIncrease,YlOrRd,v,750,1
20170623,16:54:50,177.139.217.186,linearDecrease,GnBu,^,300,1
20170623,16:54:50,177.139.217.186,linearDecrease,GnBu,o,300,-1
20170623,16:55:07,177.139.217.186,linearIncrease,YlOrRd,o,750,1
20170623,16:55:07,177.139.217.186,linearIncrease,GnBu,o,750,-1
20170623,16:55:13,177.139.217.186,linearDecrease,GnBu,o,100,1
20170623,16:55:13,177.139.217.186,linearDecrease,Greys,o,100,-1
